platform,brand,record_id,text,theme_final,recent_bucket,sentiment_label,rating,created_at,best_model_prediction,random_forest_prediction,best_model_correct,random_forest_correct,best_model_confidence,random_forest_confidence
google_play,zomato,0b94ab57-970d-4885-8a8a-5cbed9c61bda,"U guys are just awesome, i would like to address it that I never had problem with any of my order and it delivered real quick except for the one time but still the customer support worked just fine to help me out. I mean yeah, with a big margin u guys are better than swiggy.",delivery,pre_2024,positive,5,2021-09-13 00:41:27,positive,negative,True,False,0.9865,0.4993
google_play,zomato,f6ccd6dd-f40a-4a63-9912-4b06e24ac70a,"i have been using Zomato from past 3-4 years and i must say it is the best in food online ordering service... tried other competitors as well but they are not at all close to Zomato. It is so user friendly that i always end up ordering food whenever i open Zomato :) Delivery, food quality, packaging everything is good...didnt have any complaints...times when there was any issue customer support was always helpful....great work team..hats off...will be continuing ordering more food :)",delivery,pre_2024,positive,5,2019-08-02 20:25:44,positive,negative,True,False,0.9861,0.5632
google_play,zomato,bd1511d6-9e89-458c-a28f-7b5dbeee2f7d,Well this app has worked really hard to compete with othe delivery apps and i think they are on to the mark they have worked on their services and have introduced a lot of new restaurants nowadays there helpline service also give fast reply and the last but not the least they r offering a large no. Of discounts as well it has some really pocket friendly options i am really impressed by zomato and their team keep it up,delivery,pre_2024,positive,5,2018-12-02 21:56:42,positive,negative,True,False,0.9721,0.57
google_play,zomato,a1938c03-49da-4dcb-9d42-562c127f3dda,"It's great to have my order at zomato as it gives me huge list of restaurant to taste food at the most reasonable good value. all my orders have discount that isn't possible to grasp otherwise . also i'm impressed with the way these people deliver it to us , at the very safety of our house , we get immense pleasure while enjoying food of different restraunts . also the quality of food we get is highly appreciable lastly , it saves my time and money sync , and we get to enjoy the meal at rest .",pricing_fees,pre_2024,positive,5,2021-02-18 01:30:08,positive,negative,True,False,0.9674,0.4893
google_play,zomato,8eea254f-1584-4adc-9d40-7b8a3a8684c4,Unbelievable Gr8 Excellent service Easy app to understand and order than swiggy Quick acess Need more options to add quantity eg. If u want to add extra r 4 paw but was not able to add and ordered only 2 so pls add some option Gr8 experience So happy Will definitely order next time as this was my first time Swiggy aap was difficult so I uninstalled and installed zomato and easily ordered which saved my timing,app_experience,pre_2024,positive,5,2021-12-04 22:47:04,positive,negative,True,False,0.9671,0.4449
google_play,zomato,42985aba-9317-4b12-bb06-1a7e38df637c,"Zomato can't provide any assistance regarding any reported issue nor can Zomato provide a good service. Zomato is becoming worse day by day and no good service anymore. And the issues are remaining unresolved, they could fix nothing. They can only have false cashback claims which are never working promos, restaurants are always unavailable for taking orders and have huge delivery charges. They are looting people in the name of food delivery. Time to uninstall and clean up memory, no stars.",delivery,pre_2024,negative,1,2019-04-06 23:50:07,negative,positive,True,False,0.9659,0.5226
google_play,zomato,8c51dcb9-369f-4877-9285-719fedaa5c56,I like the zomato because of the service and discount coupon you providing was awesome. I highly recommend everyone to use this app without any questions. Zomato delivery boys were good at maintaining time some are with uniform and some are without but no matter they were in time. I would be so happy if the delivery boys ask the restaurant to serve the food hot. sometimes I would call and say to get the food hot as possible as you can.,delivery,pre_2024,positive,5,2019-01-14 15:31:20,positive,negative,True,False,0.964,0.4757
google_play,zomato,723f7880-881e-4e69-861c-29cc4eb7ad19,"I have had many positive food ordering exepriences with. In some cases, where the experience was negative, Zomato tried to make it up with a partial refund and/or useful help and support. Overall, it has made my life easier. Their discounts are also pretty useful as I have gotten to spend less.",refund_cancellation,pre_2024,positive,5,2019-05-19 12:42:26,positive,negative,True,False,0.9589,0.531
google_play,zomato,c32e25fb-7183-4faf-bec1-e1198e3812a3,"It's really fantastic service, though charges are slightly more than swiggy yet it's completely worth it because I don't have to worry about the deliver executive being assigned in time. Also it seems your drivers are always happy and tend to mostly have a pleasant demanour. All in all, I think you are doing a great job. Just one suggestion, try and also have an option of completely plastic free restaurants as well who don't use any plastic even in their packaging.",pricing_fees,pre_2024,positive,5,2020-03-02 22:04:17,positive,negative,True,False,0.9589,0.4766
google_play,zomato,c8a19743-8612-4cad-a413-726e20d641e1,really down graded in experience since the last few months. automated ai that doesn't understand and no refunds. the road was blocked and yet i get charges a cancellation fee. I'm going to uninstall this app. and switch to other ones.,refund_cancellation,2024_plus,negative,1,2025-08-27 20:40:14,negative,positive,True,False,0.9579,0.4946
google_play,zomato,0f66b64f-44d9-412d-86a6-20ff690988ae,I have been using this app for quite some time and have ordered for self and for my friends as well.... it has been a great experience and there were 1 or 2 incidences with delivery partners or the order but kudos to customer care team who got everything sorted out including the refunds..... Thanks Team,delivery,2024_plus,positive,5,2025-06-16 11:46:19,positive,negative,True,False,0.957,0.4572
google_play,zomato,835174ad-d33f-4296-a8a0-53076af59bc3,"Everything is ok, I would put it 5star but the main problem is some of the delivery persons, if the order is prepaid they behave like take it or leave it.. after confirmation of location atleast 5 times they all have refused to come there. IDK why the riders think that they're giving it like free. Please make sure that the delivery problem may be resolve ASAP",delivery,2024_plus,neutral,3,2024-05-03 18:12:44,neutral,negative,True,False,0.9567,0.5386
google_play,zomato,c821a12e-4ab1-4bf8-b871-f7cbf6928c16,Don't use it's service. customer service is totally disgusting. some of the delivery agents are fraud. Very disgusting service.,delivery,2024_plus,negative,1,2026-02-20 14:33:05,negative,positive,True,False,0.9558,0.4886
google_play,zomato,c5a12634-1d77-410b-9979-45a03297bb48,"Hiding restaurant reviews seems to be a new way of scamming customers, which these food delivery apps are now trying to. Where is the transparency, not going to use this app now anyways & recommend all to boycott this apps for such blunt scam practices",delivery,2024_plus,negative,1,2025-12-06 17:16:04,negative,positive,True,False,0.9545,0.5614
google_play,zomato,2e852bc9-447b-4ead-aabe-d249ea069aac,"Awesome app for food lovers! Great deals, very nice customer support, good range of offers on restaurants, more covered restaurants and many more factors! I switched to Zomato because Swiggy had a very very poor service and worse customer support. The delivery guys take your food and run away, and you are not given any rebate for this stupidity and time waste. Even worse, the customer support is not helpful. Thanks Zomato for saving the day!",delivery,pre_2024,positive,5,2018-09-16 16:50:46,positive,negative,True,False,0.9512,0.4918
google_play,zomato,cf97d2ea-f08f-4842-a8e1-9b0f3fd87baa,"for some reason since last year, every restaurant which is 6 km away from me has all been registered just more than 7km, therefore making zomato gold useless and ask for a hefty distance fee, i literally cannot order food anymore 👎👎👎",delivery,2024_plus,negative,1,2025-11-04 20:47:04,negative,positive,True,False,0.9498,0.5178
google_play,zomato,e8d71fa3-9b4f-48b8-b338-b93ddcb6b263,"I would not recommend ordering from the Zomato app. Even if you receive burnt food, they do not provide refunds or proper resolution.",customer_support,2024_plus,negative,1,2025-10-30 09:31:49,negative,positive,True,False,0.9486,0.4904
google_play,zomato,faa6cd5a-1868-43d1-86d8-9fe808b05c92,"even orders within 2-3 kms takes 45+ mins to deliver, they've also added multiple deliveries at a time by delivery partner and also started charging 12-15 rs fees by gold members as well. Lately, I'm very disappointed with zomato's service.",delivery,2024_plus,negative,1,2025-11-02 20:18:40,negative,positive,True,False,0.9478,0.4976
google_play,zomato,319c57be-b929-4757-8edf-bb0222b64221,"good delivery, charges 👏",delivery,2024_plus,positive,5,2026-03-01 16:03:38,positive,neutral,True,False,0.9474,0.4634
google_play,zomato,79d59416-5963-486e-aa18-5d35b9dabc8b,"Excellent and worth using this application as it saves lots of money. Also they are very good, quick and supportive in customer service if you have any issue with cancellation of order or may be any other matter. What you need if they are delivering food at your door step, go to your favourite restaurent and you get buy 1 get 1 option, it's amazing and 200% worth spending money to save your money.",refund_cancellation,pre_2024,positive,5,2019-03-29 08:13:35,positive,negative,True,False,0.9437,0.6089
google_play,zomato,7fd28248-05b4-41cd-b821-989ed28c7906,"Whatever you want, wherever you want search restaurants add to your order and wait for the tasty food. Changes Needed: Give Customer a Food Pass, helpful for those who order frequently. Zomato app must show comparison with other apps with price etc. It would be great if there the order also shows calories and vitamins, helpful for diet conscious people",pricing_fees,pre_2024,positive,5,2019-03-26 19:55:38,positive,negative,True,False,0.9392,0.4652
google_play,zomato,4751e969-0b90-4a0a-9260-b7c5c7f0b7b7,first time I ordered something and split of second that was canceled why is this because cod? not going to use this app again,app_experience,2024_plus,negative,2,2025-10-11 22:34:37,negative,positive,True,False,0.9388,0.4751
google_play,zomato,3b7e988c-6d94-444f-beaf-e11cb765b5ca,"I have been member since few years n it's been a smooth journey with Zomato unlike other competitor apps their customer service is worst don't care attitude unlike Zomato here any query is resolved with utmost care n swift, app is also very user friendly n giving me lots of benefits n with lots of variety to choose from...",app_experience,pre_2024,positive,5,2022-01-23 16:20:24,positive,negative,True,False,0.9387,0.4951
google_play,zomato,0ddfa026-fb73-4784-903f-15e8e05ce944,delivering multiple orders combined to multiple customers and taking 1:30 hours for the 6 km order. delivering stale food. these are few reasons.,food_quality,2024_plus,negative,1,2026-03-18 13:10:13,negative,positive,True,False,0.934,0.4569
google_play,zomato,cd966f1d-9c2e-4ffb-bc97-cdb6a8dc452e,"The price of the food from the restaurant differs from the price listed in the zomato app. The prices are fixed from 120% to and some times 200% extra in the ZOMATO app. Along with the delivery charge and sometimes special charges for climate circumstances and also taxes levied very high. I know you guys have to make profit and pay salaries but this looks like cheating customers why the prices are not fixed as it is in the restaurant, sometimes when I compare, buying directly is the best option",delivery,pre_2024,neutral,3,2021-07-05 09:57:56,neutral,negative,True,False,0.9323,0.4528
google_play,zomato,faacad24-f842-4406-a1d7-9d4a5409acd2,"Zomato! Well i have been an extensive user of this application. And it has never disappointed me. Even if the order is slightly late, the support is always available and they are very efficient. Plus, now with Gold, i am saving more and loving it even more. You will love it. Highly recommend!",customer_support,pre_2024,positive,5,2019-01-10 19:41:47,positive,negative,True,False,0.9273,0.5346
google_play,zomato,6843b093-ec8a-418a-97f8-8d40d9687e93,wrost app never to use it again cancellation is also waste option delivery agent not assigns correctly i wish this app to downfall,refund_cancellation,2024_plus,negative,1,2026-01-12 22:11:58,negative,positive,True,False,0.9267,0.4909
google_play,zomato,cc1fcaf1-5ec1-4845-8013-e5073e7ca150,i must say Zomato is one of the best online food ordering app! their services are top class... and i must say their customer care service is excellent . i would rate 6 out of 5 for their customer service.! if you got any problem they will solve it in maximum 2 or 3 minutes.! I'm totally 200% satisfied with this app! P.s. Zomato company has not paid me to write such good comments .. im writing this out of my personal experience ! I would recommend everyone to use Zomato app,customer_support,pre_2024,positive,5,2019-01-15 12:26:44,positive,negative,True,False,0.922,0.6903
google_play,zomato,14883aff-48a4-4f67-9ae4-cddd3756e5cb,"i was just ordering my food on zomatilo, and this time, i was compelled to write a review. actually i forget something to add in my order and then i reach out the ZOMATO help. Mr faizy, from ZOMATO was assisting my chat, and this person was really helpful. he asked what the things more i need and he immediately processed them without any delay, thanks to him. my earlier experience is also good. riders are so good and helpful. Thank you ZOMATO to not letting ys Starve. thanks Mr faizy 😊😊😊😊",delivery,pre_2024,positive,5,2019-07-22 20:15:18,positive,negative,True,False,0.9209,0.5079
google_play,zomato,17194f82-555c-46eb-978a-d75d3be2db84,"Very much helpful for ordering food any time from any where. Easy access to all food category. Real offers are available for saving cost. Good perfection in service in such fast and busy life. Still found some area of improvement like missing items in order. After informing the same to concern restaurant, they did not reply well and sometimes rude. Even though its rare case, still need to have control on this for preventing future issues. Otherwise everything looks good and perfect.....😊",other,2024_plus,positive,4,2025-11-09 14:44:48,positive,negative,True,False,0.9189,0.4608
google_play,zomato,52ded509-e774-47f5-8876-f66bd358c8c9,Suvidha quickly resolved and took my request for the order placed. Extremely happy with her prompt customer care support. You should hire more people like her 👍😊,customer_support,pre_2024,positive,5,2022-07-03 14:09:13,positive,negative,True,False,0.9165,0.5173
google_play,zomato,385c6fb2-8469-4a1e-a91d-b62bdeafc97c,I have tried using all other apps..but luckily my experience with zomato has been best..tried using swiggy for smtime..and my experience was pathetic...be it time..be it tracking be it customer service...everything is worse than the worst..zomato is far better .i just hope zomato keeps up the good work.,app_experience,pre_2024,positive,5,2019-10-12 09:33:08,positive,negative,True,False,0.9152,0.4916
google_play,zomato,a200b498-9abf-43f8-bdb0-3c6d7c0330f2,"I was having problem with restaurant for some reasons but for that problem I will not blame app for it.This app is best for delivery , sometimes my food arrives fast before time,I also like their delivery guys , especially ""Dhirendra Kumar"" (not being partial to him) 😅 but his polite attitude and his minimum calling was surprising to me because whenever I order to any app their delivery guys call me to much or their attitude was just rude but this guy is something different. GOOD WORK ZOMATO👍",delivery,pre_2024,positive,5,2021-06-09 20:08:56,positive,negative,True,False,0.9049,0.462
google_play,zomato,e4a11c30-89f7-4606-b700-6c3452c4c81b,poor delivery service every time they have issues with delivery it's better to switch different app,delivery,2024_plus,negative,1,2025-11-26 22:04:05,negative,positive,True,False,0.9033,0.543
google_play,zomato,2a69015b-6f01-42f2-80b2-5a372020e415,"Zomato is Amazon in food delivery. Many of you would be wondering why this guy is comparing apple with an orange. Well, when it comes to customer service, there is no other delivery app who provides even a comparable service what Zomato provides. They are the best in customer service and their agents are eager to listen and help. And this excellent customer service coupled with a good number of restaurants serving delicious food makes the Zomato the obvious choice for me, everytime:)",delivery,pre_2024,positive,5,2019-04-28 20:55:41,positive,negative,True,False,0.8986,0.5404
google_play,zomato,52e44bbb-2f30-45ce-aabe-9cb1ef91c2d9,"Superb! Although this one time i order chicken frankie and they gave me a veg frankie instead, so i complained about it and they gave me ₹60 credit to spend on the next order, so i guess at the end it was fine. Apart from this the overall usage experience is excellent. There can be a little improvement in the customer care department, the chat can be made more dynamic and responsive, other than that two words, deliciously amazing!",customer_support,pre_2024,positive,5,2019-08-01 16:07:00,positive,negative,True,False,0.8985,0.5893
google_play,zomato,da7d987c-fb2f-4808-8051-b1ac49a7640d,"You guys are doing very wonderful job.. I m regular Costomer of zomato since the time I was connected with you guys.. Just once a time the food was cold it's okay sometimes but Delivary is so fast and the way they talk is very polite,, one Delivary boy just left the place cause my phn was switched off on that time even though after I called him once he agreed to came to me again.. I really appreciate your work at this time.. Keep it up guys ⭐⭐⭐⭐⭐",delivery,pre_2024,positive,5,2020-04-03 12:22:08,positive,negative,True,False,0.8938,0.5371
google_play,zomato,df4b9785-a296-4006-83f3-ef854a43c3d6,"The app is great for online ordering for home delivery, but has miles to go for the dine-in bookings. It is better than Swiggy or any other services in terms of pricing, accuracy, and customer support. Well, they need to improve a lot for the dine-in lists. Right from how these places are sorted to how one can book a table and check the vibe, they need to work a lot. They can charge us a small fee against the guarantee of desired table in given time. That will make the system more accountable.",delivery,pre_2024,positive,5,2023-02-07 13:15:50,positive,negative,True,False,0.8924,0.6449
google_play,zomato,f7aa0c0e-d893-4fe9-bdfb-2cb04f042830,Actual menu price in the hotel menu and on zomato is different.... I have cross checked.. You can check as well. Once again I found that MENU rates on this app is inflatted by minimum 10% so actually you are paying much more than directly order to restaurant.,pricing_fees,pre_2024,negative,2,2021-09-15 21:07:40,negative,positive,True,False,0.8893,0.4395
google_play,zomato,55456a52-a61c-4344-8d9a-838dd0bba420,"Wow, Zomato is on a roll — wrong items, partial refunds, late deliveries, and now spoiled food too! 👏 Their amazing “AI support” keeps saying we understand your concern while doing absolutely nothing. If you enjoy paying full price for stress and disappointment, this is the app for you. Otherwise, save yourself and delete Zomato.",pricing_fees,2024_plus,negative,1,2025-10-21 19:57:25,negative,positive,True,False,0.8884,0.6289
google_play,zomato,949c525e-c01b-4d9c-bb2a-da931f4f71e4,"Zomato Is too greedy now, they are increasing the platform fee like it's their own rights, they're making profit and don't think about the customer it's better to move on now because ordering food from zomato Is like luxury so I'm worried about it. I'm too disappointed I'm uninstalling zomato and movie on.",pricing_fees,2024_plus,negative,1,2026-03-25 17:06:19,negative,positive,True,False,0.8872,0.495
google_play,zomato,83340a26-1ce3-4ec3-996d-f2f4dfd81802,fraud app two times order quantity and quality issues so don't order with this app totally fraud with customers,trust_reviews,2024_plus,negative,1,2026-03-12 21:40:57,negative,positive,True,False,0.8839,0.5007
google_play,zomato,37b1d387-cd40-4cc1-8869-c7e4306355fd,zamato is wonderful app for order your meal and they deliver on time and with nice hospitality once i order my meal and restaurant not confirm my order then the zomato back office sent the delivery boy at the restaurant and confirm my order and delivered at time i am impressed with the zamato team,delivery,pre_2024,positive,5,2019-03-06 20:07:35,positive,negative,True,False,0.8818,0.6333
google_play,zomato,202c8022-7a8a-4227-92f7-034b6ffc50a1,clubbing and delaying food orders. extremely rude and unhelpful customer care.,customer_support,2024_plus,negative,1,2026-03-04 20:47:15,negative,positive,True,False,0.8802,0.5776
google_play,zomato,14525ea2-bc44-44b3-9cf6-34c711585aae,zomato used to be good. now they are loosing it . order is getting delayed and delayed always. pathetic experience. moving from 4 star to 0 star.,delivery,2024_plus,negative,1,2025-11-01 15:31:38,negative,positive,True,False,0.8741,0.522
google_play,zomato,dfaafee1-7f78-4e4b-832d-d83634ea7e29,"Bad experience, price hikes on food, late deliveries.....",pricing_fees,2024_plus,negative,1,2026-03-11 23:08:22,negative,positive,True,False,0.87,0.4527
google_play,zomato,a834533c-2164-4b36-a949-d7ee249c67a5,"I've been a gold zomato member for a long time now, it's like my go to. It gives me the best options to choose food within 15-20 mins. I work in a mnc and come home late at times, everything is shut and that is when zomato makes sure I don't sleep on an empty stomach. Apart from this whenever I had any issue with my order, zomato was very quick to resolve it. I suggest all my contacts to use zomato only.",other,2024_plus,positive,5,2025-07-05 05:00:46,positive,negative,True,False,0.8679,0.523
google_play,zomato,134a0fca-3f23-4e1a-af36-deef8e3d2897,no downloading this app too much delay delivery partner and too much restaurant cost,delivery,2024_plus,negative,1,2026-02-14 15:37:17,negative,positive,True,False,0.8662,0.5226
google_play,zomato,771db8b5-8da0-4341-b67d-e3cbb68aabc9,"Zomato and specially the facility of Zomato Gold is so extensively worthful, you must atleast buty it once if you live in cities where Gold is applicable. I am enjoying and saving. And also the regular offers they provide for online food delivery to home are best ever. I want to add a suggestion for the delivery persons that you should check their efficiency level because some of them are not working well and properly and they don't even take the blame.",delivery,pre_2024,positive,5,2019-08-25 22:37:19,positive,negative,True,False,0.8643,0.5487
google_play,zomato,e2d9ec54-fe22-4325-9529-e408cc66dee6,Hi team Back once again. your customer care is not supported by the customer. please share your policy. because Mai daily orders karta hu at least I read your policy. because your delivery partner is not good 💯,delivery,2024_plus,negative,1,2026-02-12 23:34:58,negative,positive,True,False,0.864,0.4251
google_play,zomato,0e34b4c3-c484-4c3d-ad65-4465b38ff348,I wanna share my experience with zomato .some time back i was nt satisfied with the service i complained the issue to the customer care and after that i am getting an excellent service from them . They truely listen to their customers. Iam highly impressed.,customer_support,pre_2024,positive,5,2020-12-25 19:34:10,positive,negative,True,False,0.8596,0.5305
google_play,zomato,612bacbe-ae9f-4c00-b086-381ecb83b031,"deliveries are always late now. 1hr+ for restaurants not more than 3km away. not because of traffic, but because of order grouping.",other,2024_plus,negative,1,2026-02-15 20:54:58,negative,positive,True,False,0.857,0.5361
google_play,zomato,fdbc364c-8627-4e55-8fa1-36e2e4f7ca08,Zometo is really good but the restaurants are really bad I mean very very bad not even a single restaurent that I can say it's good that's why I always prefer for international brands like kfc domino's etc ...and I prefer everyone who is reading this never order from hindustan sweets and snacks bcoz the owner is very dirty I know him personally,other,pre_2024,positive,5,2023-09-01 12:04:01,positive,negative,True,False,0.8562,0.4526
google_play,zomato,c0a789d1-9285-4f5a-a83c-7a4413a59958,I must say this is the best food service app. One day I order of food at 10:00 10 o'clock and by mistake I select wrong address which was my previous address. Order food for kids and they were hungry and a call to customer care they message me and I guide them about my new address and about my mistake which I have committed and where is mostly very nicely they delivered me the parcel in my new address. Thank you so much Zomato for such a wonderful service. Delivery boy was very polite .,delivery,pre_2024,positive,5,2023-01-26 13:45:57,positive,negative,True,False,0.8556,0.7163
google_play,zomato,8ae5f532-6b5e-4a8f-af23-a581d3a452be,fake app payment karne ke bad bhi food delivery nahin hua,delivery,2024_plus,negative,1,2026-03-15 19:22:05,negative,positive,True,False,0.8552,0.5575
google_play,zomato,9459e42c-1441-4196-baac-e99c57aaa2cb,"Except for minor snags, the food choices and delivery experience is good. However, all the items are overpriced on the app as compared to the restaurant menu prices, which means, effectively, the Pro membership and any/all discounts and coupons are worthless and you still end up paying more that the actual price.",delivery,pre_2024,neutral,3,2021-07-31 22:34:14,neutral,positive,True,False,0.8552,0.4258
google_play,zomato,ad6c6ff0-28c0-4a37-9ec7-518ad5ee9c67,"I am extremely satisfied with zomato after they launched their memberships again. Being a zomato pro/gold member from past 3+ years , i have no complaints from them. Easy customer care and hassle free user interface.",customer_support,pre_2024,positive,5,2023-03-22 20:08:25,positive,negative,True,False,0.8536,0.4747
google_play,zomato,6a1242e2-477e-4907-bc21-c86b73f0e763,Prices offered are about a 5 times dine-in prices + Restaurant packaging+Platform fee + transport fee. Sometimes get membership discount/ Transport fee free but you need to either get membership or add more items.,pricing_fees,2024_plus,neutral,3,2026-01-11 13:29:20,neutral,positive,True,False,0.8536,0.4543
google_play,zomato,f8a3edb9-d36e-4416-ae3e-207af74cdf67,"Zomato app has become quite disappointing lately. The coupons expire within just 2–3 days, offers are becoming misleading, and there’s hardly any proper customer service support, orders are often delayed even within 1 to2 km. Really frustrating experience.”",delivery,2024_plus,negative,1,2025-11-09 12:56:04,negative,positive,True,False,0.8526,0.5656
google_play,zomato,c623a8d1-57e2-4a6f-b446-df9ebc450202,"I have been using Zomato for 3 years and this application is very good. If you need anything, order from Zomato. You will get everything here But just now I had ordered a pizza which I did not receive and when I talked to chat support for refund, I did not get any special response from them either So please team Zomato keep a little eye on this, everything else is good👍🖤",refund_cancellation,2024_plus,positive,5,2024-07-04 06:44:28,positive,negative,True,False,0.852,0.5517
google_play,zomato,1407945f-397d-4a6c-bb0e-772c80b2315d,"I have been ordering food online almost everyday from the past two years.I'm sure there are tonns of apps to order from.I have ordered and tried all the possible apps.But zomato is the personal best of them all for quite a few reasons.Firstly,they have so many offers, they don't charge crazy delivery fees, it's reasonable to order everyday and the delivery is quick.Also,everytime I have had a dispute with a restaurant, Zomato agents have been very patient and kind in helping me with it.Thanks :)",delivery,pre_2024,positive,5,2019-05-08 14:05:36,positive,negative,True,False,0.8513,0.498
google_play,zomato,db848863-368e-4fed-a5de-4e49cf670c0f,I have been a Zomato user for years now.. And I am really happy with the changes over the years. I can now say its quite user friendly. My only concern right now is there are times when I open the app and it takes time to load up.. This is not just on my android but also facing this same problem on my iOS. Probably due to a bug. Hope the developers sort it out soon. Also do subscribe to Zomato Gold. Use the code SURAJNG for a 25% discount on Zomato Gold.,pricing_fees,pre_2024,positive,4,2019-05-14 12:48:02,positive,negative,True,False,0.8507,0.4578
google_play,zomato,d6b3b12d-e95e-4601-9dbe-c5b913224047,"Best app for food delivery, I tried all delivery apps but they all were not upto mark. Zomato never let you down, some time we got food late but that all cuz of restaurants laziness. Customer support always help and if you got late order they give compensation too. Which is a good thing. If ever i got wrong item i always got full refund as well. It's few points make Zomato perfect food delivery platform.",refund_cancellation,pre_2024,positive,5,2022-12-31 16:12:00,positive,negative,True,False,0.848,0.4876
google_play,zomato,66b9d3e1-5e55-43d4-8817-db1d37dd16f5,The app is not that good.. It just shuts down suddenly and needs to be refreshed always.. And there is a no cancellation policy also that's the main drawback..the delivery charges are too high..and the payment gateway is a mere failure.The offers are good but yet.. It needs to be updated,refund_cancellation,pre_2024,neutral,3,2019-03-23 15:51:11,neutral,positive,True,False,0.8469,0.3895
google_play,zomato,59d48005-d2c3-4ce9-a306-08515ad86f14,"This is the best app to order food online and to find out about resturants and their reviews help alot. But I am currently facing an issue regarding home delivery from domino's outlets I keep adding my address but it doesn't read it and thus i cannot procede......and this is not just for me.......it's the problem with every member from our Sector-24,Panchkula So this is a big concern Kindly resolve this issue soon",delivery,pre_2024,positive,5,2018-12-19 21:44:46,positive,negative,True,False,0.8431,0.4948
google_play,zomato,53aa3952-f9f9-42cc-9ade-86e87caabb20,I used to love the app. But lately they have removed the ability to talk to human customer support when you have an issue. All you can do is chat with AI which is very frustrating,customer_support,2024_plus,negative,2,2026-02-12 22:26:32,negative,positive,True,False,0.8411,0.4938
google_play,zomato,0ccbc3ae-4f9d-4370-91a0-93b25367bae3,"Just like there are options to raise concerns about FRAUD BY RIDER/RESTAURANT, there should be options to raise concerns about FRAUD BY ZOMATO😡 pathetic services, food comes cold and zomato doesn't accept its mistakes",delivery,2024_plus,negative,1,2026-02-02 21:32:37,negative,positive,True,False,0.8386,0.4518
google_play,zomato,077ead74-36cb-45bd-8e13-17376443f8c6,Too many times you get the wrong order or incomplete order and Zomato never fixes the problem. All they do is offer Zomato credits which isn't much help. I didn't order food because I want credits. I ordered food because I wanted to eat food. Absolutely subpar service.,pricing_fees,pre_2024,negative,1,2019-09-22 19:46:42,negative,positive,True,False,0.8376,0.4927
google_play,zomato,160fb571-e64b-475c-9a92-8b7f4c54cd4f,"Great app, delivery partners are usually polite and gps works really well and we don't have to struggle navigating the delivery partners about our location unlike swiggy who just deducted my 300 rupees last year and didn't even deliver the order and cancelled the order without my permission. Zomato is far better than swiggy in all the aspects of customer service.",refund_cancellation,pre_2024,positive,5,2023-08-20 18:33:44,positive,negative,True,False,0.8364,0.5997
google_play,zomato,a2aab632-e727-4633-ba31-a13d6ec8a090,"Always a pleasure to order ,no hassles most ot time ,even 8f something happens a quick redressal solution provided by customer service department",app_experience,pre_2024,positive,5,2021-10-09 12:42:11,positive,negative,True,False,0.8338,0.4939
google_play,zomato,3e7f28d7-a73a-49e7-b1a7-d93f10b1d4b1,Earlier used to get delivery by 25-30 mins. Same restaurant same food are now getting delivered after 1-2 hours. Never faced delivery frauds earlier. Now it's a routine. This app has nosedived like anything.,delivery,2024_plus,negative,1,2025-12-03 15:13:18,negative,positive,True,False,0.8326,0.4975
google_play,zomato,2be5b192-71ff-4cde-9bff-8445c3def3d1,"It's good experience to search and read reviews of customer and hotels. It helps to order food. Also so many varieties they have given. Only the thing is too many notification and emails I got from them which is really not necessary. Offers are there, and we can open and check them whenever we want to order or find any restaurant, there is no need to send emails and notification on daily basis.",trust_reviews,pre_2024,positive,4,2020-10-31 11:54:07,positive,negative,True,False,0.8286,0.6426
google_play,zomato,8a8e0919-9f68-478a-b6c1-ba287807be13,"Bring back the star ratings instead of this ""highly reordered"" bs. Fix you search, when I search for ""Cheesecake Waffles"" it's redirecting me to generic ""Waffles"" search result. I had to search it on Swiggy & then look up the restaurant on Zomato. Remove all AI generated food images.",trust_reviews,2024_plus,negative,1,2026-01-10 12:42:01,negative,positive,True,False,0.8283,0.4922
google_play,zomato,050c973f-88e7-488a-a2a1-310e61745c3f,"Well, I've been using all the apps in the pool based on the offers. But from today onwards I will, only and only will use Zomato because of the customer experience. I got a bad order and they refunded the whole amount without much hassle. I would love if they add a little more fancy restaurants but point 5 for experience.",refund_cancellation,pre_2024,positive,5,2021-01-27 21:42:46,positive,negative,True,False,0.8258,0.5101
google_play,zomato,5153fa0e-bb3c-45bb-8052-98ff8f3e7146,"Reviewing after so many years of experience. Hassle free, Naver faced any issues with delivery person or customer support. I travel a lot across India. Used to order on Zomato even if my stay is in a 5* property. Zomato never disappointed me. Star rating were extremely perfect in each and every city..",delivery,2024_plus,positive,5,2024-05-16 20:59:15,positive,negative,True,False,0.825,0.6019
google_play,zomato,e7c6cd02-5427-4a25-b889-53967fd776fb,"I enjoyed it very much but the only problem is they show delivery would be in 20-30 minutes but sometimes they take more than a hour .rest everything is good .I like it , better than Swiggy and others .just tell the truth and don't deceive me by saying that order would arrive soon",delivery,pre_2024,positive,5,2019-06-29 21:07:09,positive,negative,True,False,0.8245,0.435
google_play,zomato,1b1b0a52-9c9c-464c-a87c-876c58ed36d5,"Thirdclass service in jalna , too much late delivery don't order via Zomato",delivery,2024_plus,negative,1,2026-03-08 22:22:08,negative,positive,True,False,0.8242,0.4424
google_play,zomato,fd266584-7557-4563-a7e1-b9307cf5a230,"Never the order was cancelled in Zomato, loved dishes in our plate",refund_cancellation,2024_plus,positive,5,2026-02-09 14:45:25,positive,negative,True,False,0.8234,0.5153
google_play,zomato,ad9f0afe-c63b-4960-a582-93d16b1d20c5,I had given 5 stars previously but editing to 3 stars as I found it having number of extra charges like high delivery charges and now packaging charges they are adding.. I would recommend Eatsure app - having no delivery charges and we can order from multiple restaurants at the same time.. Hoping to have such features in future as well less delivery charges,delivery,pre_2024,neutral,3,2022-05-08 22:09:31,neutral,negative,True,False,0.823,0.4985
google_play,zomato,12836c18-b1b1-45de-9269-a68a6cd97cc6,"Need to improve some issues. Once made an order, it is not easily visible on home page. Have to open My account to view it. Another irritating and very frustrating thing is why the total amount can't be seen in COD order? Or am I missing something?",trust_reviews,pre_2024,neutral,3,2019-09-11 12:03:47,neutral,negative,True,False,0.8229,0.467
google_play,zomato,c2dc813d-d666-41a8-b113-edd2650e6135,"Horrible delivery. Didn't deliver on time. After they started clubbing order they never delivery on time, zomato is becoming horrible now days, if u need urs hot and on time avoid this third class app.",delivery,2024_plus,negative,1,2026-03-08 21:17:33,negative,positive,True,False,0.8225,0.4946
google_play,zomato,1a2f4434-db44-4d45-bdd6-3c818c636ab9,"Horrible experience. lots of restaurants end up canceling order in this platform. Also, it seems Zomato doesnt have a verification process for restuarants and put anyone and everyone. Also, the prices on Zomato menu is considerably higher than that of restaurant menu offline. This is true for most cases. Seems this app is just interested in making money and nothing else. Would reccomend folks to use Swiggy instead of this app. Horrible to say the least. Install Zomato at your own peril.",app_experience,pre_2024,negative,1,2019-03-29 22:34:34,negative,positive,True,False,0.8225,0.4885
google_play,zomato,30120c23-22ab-491f-8e96-f5dae4ce6bf6,I'm trying to add different foods and juices from different hotels and cart gets replaced with the new products I've added. Most irritating and disappointing experience. I was trying to order for a birthday party and this happened. Never use zomato again:(,app_experience,pre_2024,negative,1,2019-11-06 19:25:24,negative,positive,True,False,0.8218,0.4671
google_play,zomato,16f7906c-2135-4fc7-8ce0-8013e43a178f,"Food delivery and services are of course commendable. But above that, I really appreciate the conflict management of the whole Zomato team. When there's any issue with the delivery by the restaurant or with the food, zomato takes full responsibility and provides very efficient resolutions. They have an excellent and highly professional customer support team.",delivery,2024_plus,positive,5,2025-11-17 22:16:58,positive,negative,True,False,0.818,0.4909
google_play,zomato,fec205d4-7e08-49f5-b53a-f2e7306fedc1,Great app. Offers are great but not applicable to all the restaurant mentioned. Sometime annoying regarding the listing of the restuarnt shows close for delivering order online but if closed and open the app again could see the restaurant online. Kind of annoying bug. Better offer then other food delivering app.........,pricing_fees,pre_2024,neutral,3,2019-01-20 21:55:25,neutral,positive,True,False,0.8174,0.5671
google_play,zomato,7d73a682-76a2-423e-b468-ccbfe49cead7,"There was an offer of 200 off in the promotion, but when applied it didn't work though all terms and conditions are fulfilled. It's just fake offers. I don't have option to give less than 1 star Beware of such fake offers that company is advertising",pricing_fees,pre_2024,negative,1,2021-10-17 18:51:01,negative,positive,True,False,0.814,0.4721
google_play,zomato,66e3e9c3-f2b4-495a-b1f3-e04364972e9f,"l am a big foodie and after installing zomato it has become very convenient to order foods of different testes from different resturents. May be it is not possible for me always to reach out physically there but zomato has bridged the gap and given the opportunity to satisfy ones buds sitting at home, office or anywhere by delivering the food on behalf of yourself and also at a discounted prices via their offers occationally... big fan of ZOMATO",other,pre_2024,positive,5,2019-07-12 22:55:18,positive,negative,True,False,0.8138,0.4735
google_play,zomato,f36dfa3a-782e-4134-b921-c488af2a1bd0,"the app is gr8 and most of all good customer service, quick response and they sort out your issues. the gold was great addition but now they have restricted the usage as per number of a people a bit too much. atleat 2 users per 3 members should be allowed, 1 gold in 3 members is not fair. hope they sort out.",customer_support,pre_2024,positive,4,2019-05-01 10:13:15,positive,negative,True,False,0.8133,0.5345
google_play,zomato,8757f9cf-5603-437b-83a1-b03864b5ce23,"fooling people all the time, fake service... no one there for help... got regret every time on wasting time on zomato. time to switch to new and better food delivery app.. see ya.",delivery,2024_plus,negative,1,2026-03-14 10:52:19,negative,positive,True,False,0.8116,0.6968
google_play,zomato,24f9cf1f-02cc-4fdd-a54c-19b7819420c6,been using this app for almost 7 years now. solid experience. there is only one suggestion that your customer care department is not upto the mark . sometimes genuine gets ignored from your side. please look into it.,customer_support,2024_plus,positive,5,2025-07-08 15:56:50,positive,negative,True,False,0.8104,0.4849
google_play,zomato,3560eab2-eb23-41a4-8aaa-2eb42432de46,"I have been using this for a long time now, I'm really happy with the customer support of Zomato as few of my orders were delivered wrong/cold and when I talked about this to the customer support they really helped me and sorted out within few minutes. Thanks alot Zomato😄",delivery,pre_2024,positive,5,2022-01-01 20:53:36,positive,negative,True,False,0.8095,0.5269
google_play,zomato,dba486b5-7dcd-42f9-8ff7-37ab4293c430,Bad delivery experience. No connect between zomato and delivery agent.,delivery,2024_plus,negative,1,2026-02-23 16:03:36,negative,positive,True,False,0.8082,0.4727
google_play,zomato,5b97adde-4a7e-42aa-8b36-678fd6779e16,Unable to understand one issue which I raised 4 weeks ago and keep asking the same question again and again. Simply scamming and looting my money,other,2024_plus,negative,1,2026-02-20 21:52:31,negative,positive,True,False,0.8075,0.4669
google_play,zomato,570bdb6f-dbb6-470f-af23-5360056bf340,very cheap and very bad app we are order food from this app but app showing delivery not available currently but we are visited nearest hotel we are serv food,delivery,2024_plus,negative,1,2025-10-09 22:47:19,negative,positive,True,False,0.8074,0.4673
google_play,zomato,aa1aaab5-be4b-4496-9700-9b1c257b17df,Used to be good. Now all orders are purposefully delayed despite having Zomato Gold to promote new VIP charge feature. Happens on every order at all times.,delivery,2024_plus,negative,1,2025-12-31 20:55:43,negative,positive,True,False,0.8068,0.576
google_play,zomato,f51ceb26-5cf0-491c-a69c-b093a4290d6e,They are selling products on increased prices as compared to the actual one in the restaurant if you go physically. Plus the delivery fee. So what is the deal am paying more for the food and delivery also....they are fooling us now.,delivery,pre_2024,negative,1,2019-11-09 16:12:47,negative,positive,True,False,0.805,0.4457
google_play,zomato,0cf67df0-4fad-40e5-b52f-08058d95df17,"i am always satisfied with zomatos service. They are transparent with their preference. if a certain restaurant is not accepting orders after particular time, they won't allow selection. wish the restaurants could at least keep a timeline till 9:30 to order.",other,pre_2024,positive,4,2019-05-08 22:04:58,positive,negative,True,False,0.8049,0.5637
google_play,zomato,858e7b4e-bb01-4c8a-8ef2-6b0591e501d7,don't use this app if u are using then cross check the prices you will know this app is just trash which just charges like it's there money..,pricing_fees,2024_plus,negative,1,2026-01-17 19:51:41,negative,positive,True,False,0.8045,0.5478
google_play,zomato,e80beae0-194d-4e32-bd8c-b26735c431d8,no matter what app comes in the market i have always used zomato for food and will always use it. I am used to its interface and somehow i really dont feel like ordering from somewhere Else. the best thing about zomato is that they take care if anything goes wrong with the order. but. few experiences recent past experience were not satisfactory.,app_experience,pre_2024,positive,4,2019-05-05 21:10:40,positive,negative,True,False,0.8039,0.585
google_play,zomato,b2e45b78-4806-4808-a274-9bb496fb2c4f,Mostly received cold and polybag deliveries. Delivery persons don't behave politely. Going to discontinue Zomato service.,delivery,2024_plus,negative,1,2026-02-26 20:21:14,negative,positive,True,False,0.8022,0.5683
google_play,zomato,3fb5e04a-ea43-486b-b8d5-12542ed780ba,I would have given 5⭐ but recently you guys have started to charge a lot of tax and after applying the zomato offer code we hardly get any discount. No doubt you guys are doing a great job and the offers you provide are awesome. Please work on the taxes you charge and i will change the rating from 3 to 5 🌟 once i feel that you guys have worked on this issue.. Thanks.,pricing_fees,pre_2024,neutral,3,2019-08-30 00:16:44,neutral,negative,True,False,0.7995,0.5423
google_play,zomato,052e64d3-50b4-4d88-85ca-da27acd0c5b8,Good but please extra charges kam lagaya kriye aur coupon zyada diya kriye,pricing_fees,2024_plus,positive,5,2026-03-09 20:52:56,positive,neutral,True,False,0.7977,0.4746
google_play,zomato,8919c344-2e0d-448b-be91-5e6a4d7501d8,this app don't allow pay on delivery option,delivery,2024_plus,negative,1,2026-03-28 17:47:46,negative,positive,True,False,0.7928,0.557
google_play,zomato,482d66bd-b907-46b8-8c41-ec7aadb47575,"extremely overpriced. restaurant biryani price 110, zomato price 280 + handling + packaging + gst + etc charges = 450rs. zomato, Swiggy is the true scammer",pricing_fees,2024_plus,negative,1,2026-03-13 15:49:44,negative,positive,True,False,0.7919,0.4182
google_play,zomato,05486bb2-0c0a-407a-b61a-2fbfcefcc215,I have pretty Good delivery n refund experience from Zomato n all the comforts of enjoying at home. They deliver to far away locations too. As compared to Swiggy Valets don't call much n reach at your exact location. Now we are getting great discounts n offers too. My advise to Zomato will be to cover max Restaurants joints n outlets which is a must for customer satisfaction n competition with rivals. New update has decent user experience n Restaurant search.,refund_cancellation,pre_2024,positive,5,2022-01-21 19:07:30,positive,negative,True,False,0.7916,0.5793
google_play,zomato,19f2d305-a462-4a65-9333-aa8427289c71,"i don't like to give a single star to this app, the price was 200/-+ handling fees+convience charge +gst + delivery charge finaly it cost 300/-.",delivery,2024_plus,negative,1,2026-03-12 21:13:31,negative,positive,True,False,0.7911,0.508
google_play,zomato,a2770c79-671b-4313-8a51-acc0e586041b,"Zomato App's Inaccurate Billing: A Major Disappointment I recently had a disheartening experience with the Zomato app, as it displayed a bill of 262, only to find that the actual invoice amounted to 291. This significant discrepancy in billing left me feeling frustrated and deceived. As a customer, I rely on accurate information to make informed decisions, and the app's failure to provide transparent pricing is simply unacceptable.",pricing_fees,pre_2024,negative,1,2023-06-11 01:34:19,negative,positive,True,False,0.7909,0.5193
google_play,zomato,2196f3f4-a682-4d0c-bd53-ac6f327e21cf,I would say the response from the customer support team was really good and were always ready to hear us. but the thing is that I can't complain directly since we can start the conversation by choosing any one of the questions mentioned in the chat sometimes my issues were not in one of the predefined questions so kindly add few more cases and train model based on that. Thank you.,customer_support,2024_plus,positive,5,2025-08-23 14:14:02,positive,negative,True,False,0.7882,0.5773
google_play,zomato,85c58fec-bf12-4c34-96f3-796c9997bf7e,App isn't opening. Everytime I try opening it it keeps asking for keep your location on and when i give location access same error is coming again and again. I have tried uninstalling and reinstalling the app several times but the problem continues as it is.,app_experience,pre_2024,negative,1,2020-08-15 19:11:07,negative,positive,True,False,0.7879,0.4342
google_play,zomato,bde8d8f0-7225-4665-81bc-e13bda4497c9,"I really like this app, especially for its offers. I hope they continue amazing offers like TASTY 50% off. One thing i don't like about Zomato is its support service. Things are not sorted out, and most of the times there are late replies and issues are not resolved. Other delivery apps have inbuilt options of variety for selecting issues like where's my order, i received cold/stale food, I have quantity/quality issues, and those apps resolve the issues real quick. i would like this in Zomato.",delivery,pre_2024,positive,4,2019-02-02 22:14:03,positive,negative,True,False,0.7878,0.5433
google_play,zomato,41943d5c-6f42-40b3-a981-deea1888ad4f,There are many other apps in the market these days but Zomato still rules the list. Impeccable offers..excellent customer service and most importantly great control over restaurants..when I order from other apps..the restaurant may or may not honor the delivery time..or the correct order..sometimes even cancel the order and not inform me..but with Zomato..this never happens! Zomato rocks! 3 cheers for Zomato,refund_cancellation,pre_2024,positive,5,2020-05-12 18:48:14,positive,negative,True,False,0.7877,0.598
google_play,zomato,a110153a-3a34-4555-9185-c9c8fcbef647,quite well app but some restaurants in Jamshedpur do not mention about there menu much that for example I want to order biryani 1 plate but there is no information about half plate prices so this declined the graph of my satisfaction level from zomato,app_experience,2024_plus,positive,5,2026-01-12 20:14:36,positive,negative,True,False,0.7849,0.4445
google_play,zomato,7fd6a7d7-5602-434d-b2af-afb182f2c4a7,"By Multi order you are just wasting time of customer, cold food delivered every time due to delay again same problem with zomato",delivery,2024_plus,negative,1,2026-02-19 21:57:40,negative,positive,True,False,0.7837,0.4887
google_play,zomato,49f1fab7-4e8f-4ea4-8080-8c630b540584,Hello .Zomato team i have a query . When every time I want to order my food I most of the time order from Zomato . But I have noticed that even in single order for and ex- chicken pav which rates is 15rs . Includes you taxes and all goes up to 75- 80 rs . So I have a concern that don't charge too much . Now a days everyone want to order food online but there are some people over there who are afraid to beacuse of price issue so please focus on this so everybody can enjoy your good services .,pricing_fees,pre_2024,positive,4,2021-09-02 20:22:40,positive,negative,True,False,0.7819,0.5108
google_play,zomato,7b4f35f7-3865-45d4-ba58-62270cfb33b1,Delivery price's are a bit high,delivery,2024_plus,positive,5,2026-02-07 16:55:53,positive,neutral,True,False,0.7803,0.4206
google_play,zomato,5cd08c58-05fe-446d-a99a-185bfd7bf5ed,Very very worest and worested services very very high rates and dirty . friends don't install this app because high rates and worested services. worest customer support also.,customer_support,2024_plus,negative,1,2026-02-18 18:56:31,negative,positive,True,False,0.779,0.4983
google_play,zomato,03196ad5-03fa-4d1a-81af-c53fa6223266,"Trustworthy, reliable, safe, healthy and absolutely efficient! This App has been amazing for me I order for my family at my location or at a different location. Except a few times wherein the delivery guys mess up with the delivery times, or a particular restaurant accepts the order but doesn't cook the food which leads me to call us multiple times. But overall, I've had great experience! I'd have a suggestion, the 'CALL' button for the valet is mostly a unavailable number when you try calling.",delivery,pre_2024,positive,5,2021-01-10 21:03:12,positive,negative,True,False,0.7782,0.5506
google_play,zomato,f0613381-5785-4e62-beb7-9584d1e06a76,Useless app for scamming people by delivering overpriced garbage from fake reviewed places which keep changing names to mislead people,pricing_fees,2024_plus,negative,1,2026-03-14 21:18:06,negative,positive,True,False,0.7742,0.6235
google_play,zomato,7c04f664-382c-4246-aa0d-0c78aecd4f88,"The app doesn't notify you until the order is confirmed, so if you accidentally press something also, you can't cancel it. I'm paying thrice my budget amount because the app messed up. You never have any offers, no benefits of online ordering at all.",refund_cancellation,2024_plus,negative,1,2024-04-19 22:16:09,negative,positive,True,False,0.7738,0.4837
google_play,zomato,dc18fbeb-0926-431b-b02c-285b9d928213,"Long time Zomato user here, these scratch cards are completely useless. I keep getting 3 identical ones from the same irrelevant brands, never anything useful for Zomato itself. In years of ordering, I've never once got a worthwhile reward. Just disappointing junk.",app_experience,2024_plus,negative,1,2026-03-22 11:43:59,negative,positive,True,False,0.7737,0.6081
google_play,zomato,5a29fe5d-aaaf-42c2-b980-7b66006b789b,"Well, I'm really impressed by the collection and availability of restaurants in zomato. Sometimes it does let you down during drastic weather conditions like when you are not able to go out and they don't deliver as well. But overall, by the coupons they provide nullifies the flaws they have. I'm happy using it and i would recommend others to move here.",app_experience,pre_2024,positive,5,2019-08-14 13:56:37,positive,negative,True,False,0.7726,0.4918
google_play,zomato,e687cbfa-e7ea-4024-a03e-4673ecd1ff87,Offers and other things are ok but delivery agent location navigation is very bad. It's never correct. Delivery person reaches your house and calls you to pick up but App navigation will still be showing either order being packed or on the way.,delivery,pre_2024,neutral,3,2022-03-20 14:18:34,neutral,negative,True,False,0.7714,0.4407
google_play,zomato,c032dc68-43d1-4fe0-a990-20144c7989d7,Awesome app. Get food at home and if quality is poor they refund you money as i ordered food and the food is too bad they instantly refunded me. Genuine app luking frwd to take gold membership soon,refund_cancellation,pre_2024,positive,5,2020-02-08 13:45:44,positive,negative,True,False,0.7712,0.4778
google_play,zomato,35b76ad9-ce4d-4385-9996-c2aed557134a,Zomato actually offers real good information for restaurants. It's great for take away and delivery as they have about 20 000 menus for each restaurant in India . I checked a couple of places I know and they have a picture of the blackboard menu for the brasserie down the road that doesn't actually print menu... They also have the café I go to for lunch next to my office. Gonna start using it on a regular basis.,delivery,pre_2024,positive,5,2022-11-16 20:03:13,positive,negative,True,False,0.7704,0.4844
google_play,zomato,abbc92ff-5572-495e-8b26-5d3f58102426,"I would like to give no star at all. It's so frustrating. Delivery area is very small. Always late...... Very very late. Restaurants are always unavailable. Don't install it. Go to other apps, they are much much better......",delivery,pre_2024,negative,1,2020-02-23 21:47:53,negative,positive,True,False,0.7693,0.5552
google_play,zomato,6459c449-3666-4401-90c9-d182b4e62d78,"I am changing my review to positive one as zomato delivered my next order on time after below review also I would like to add that they have awesome notifications with full of creativity, they also have very nice range of dishes and restaurants. They usually deliver on time sometimes they couldn't which is understandable but at the same time it can be improved with process automation. Below was my previous review (Bad order management, they never deliver on time. They also removed pro feature.)",delivery,pre_2024,positive,5,2022-12-01 20:24:37,positive,negative,True,False,0.7692,0.6283
google_play,zomato,ed59ad67-347f-437f-b472-df0eeedf5312,A great app has now become the headquarters for Bots to answer our queries which are never answered to our satisfaction. A great way by a food delivery company to mess with its customers. Waste of time to ask any questions via chat support. Latest few orders have been messed by wonderfully and no restitution is available.,delivery,pre_2024,negative,1,2019-10-13 11:05:59,negative,positive,True,False,0.7685,0.5034
google_play,zomato,4d431d5d-43f1-4b7e-9931-5ebc13c55369,"On order confirmation,nothing is showing. Not showing any information about activity of the delivery .Blank page. Edit: I am now fully satisfied with your service quality and pricing. Still some restaurants are not found. Add some option to add user to add a restaurant for suggestion.",delivery,pre_2024,positive,4,2019-09-08 16:36:14,positive,negative,True,False,0.7667,0.4765
google_play,zomato,30df1ba0-36df-4d0f-b29a-16f86a812fd3,experience is very gud...now we can order food at home and it has been great to see their response...the only problem I had faced about the cancellation of order. if we cancel we need to pay for that and that's the bad thing,refund_cancellation,pre_2024,positive,5,2019-07-19 20:45:14,positive,negative,True,False,0.7617,0.4793
google_play,zomato,d3faf499-fd06-4e62-bdd1-330df5d0ad9b,The price difference is widening day by the day. There's a huge gap between the price of the food item in restaurant's menu and Zomato's menu. The gap was justifiable earlier but lately it's gone a bit lunatic. Not expected from a listed company like Zomato.,pricing_fees,2024_plus,negative,1,2024-08-25 15:00:00,negative,positive,True,False,0.7559,0.4154
google_play,zomato,e6ee646e-45eb-4dd9-9903-fdb2af217b4f,"Shameless Zomato keeps on increasing platform fees again and again, greedy as hell totally shameless",pricing_fees,2024_plus,negative,1,2026-03-23 11:34:38,negative,positive,True,False,0.7545,0.5351
google_play,zomato,91431834-c82c-4ae2-a2f2-5a99d8cf3fc4,"So far my experience with Zomato has been pleasant even though my first order was cancelled. Hope they eventually add more restaurants further away to our home, as I am willing to pay extra delivery charges as restaurants close to our house is limited in terms of cusine and type.",refund_cancellation,pre_2024,positive,5,2019-04-19 14:01:30,positive,negative,True,False,0.7541,0.5526
google_play,zomato,9c8cb3d8-5910-45c6-80d4-da8fdd691f81,worse app itna time leta hai delivery mai or pass ke order chor ke dur ke order pehle delive krta hai worse app,delivery,2024_plus,negative,1,2026-03-18 22:32:39,negative,positive,True,False,0.7521,0.6105
google_play,zomato,172dfd8e-55d4-4cc9-bc05-1ebc35fa6921,I like to appreciate u guys having to hold back my refunded amount for quiet a long time I had ur app Uninstalled along back due to a bad experience but after 2yrs I decided to place an order from ur app from my reg mobile number nd was surprised to see my refund still held grt job ....I really appreciate this 🙂,refund_cancellation,pre_2024,positive,5,2022-01-30 18:12:45,positive,negative,True,False,0.7512,0.5568
google_play,zomato,70331e39-0375-48a6-9bc6-422fb5cf75c0,"Well as such it is very good but for traditional people like us I feel that Zomato must ensure that transactions can easily take place through cash. many a times I found out that the delivery partner does not have change money which is unfortunate or he has a lot of difficulties in bringing change ,so please 🙏 ensure that those like myself who do not indulge in online transactions must get change in cash and schemes like free delivery etc are also available to us and are availed by us.",delivery,2024_plus,positive,5,2025-09-02 20:53:50,positive,negative,True,False,0.7505,0.4723
google_play,zomato,2c49d0c3-2aea-4c3d-a926-9b845f1c9185,it's scammer app it's fraud company,trust_reviews,2024_plus,negative,1,2026-03-19 13:36:57,negative,positive,True,False,0.7491,0.5053
google_play,zomato,6bebf908-ce05-4a19-8870-c1a34b64c523,"Hi friends, don't add tips in app for the delivery boys, it's said that in zomato and swiggy, the tips added by us in app is not full paid to them. Example, if u add Rs. 30 only rs. 15 will be paid to the delivery boys .So if u wish, give the money to them in hands while they deliver the food. Thank u all..",delivery,pre_2024,positive,5,2021-04-11 16:20:06,positive,negative,True,False,0.7478,0.6125
google_play,zomato,03c24642-3aee-4077-bae9-7212af89baf8,"The most unpunctual app I have come across. They keep on updating and delaying the delivery time. You try call their delivery person, their Phone is almost always switched off or unreachable. It's about time we went old school and bring our food on our own. Better than waiting like fools and the orders getting delayed always.",delivery,pre_2024,negative,1,2021-03-16 12:00:19,negative,positive,True,False,0.7469,0.4627
google_play,zomato,d17f379d-34d5-493e-b009-33254df914bc,Oh my god this isamazing and very delighted app and I'd use this up because it never went safety and the foods are very tasty there is no fraud in this app I love this and because I have orderd a pizza that is so deliciousdelivery charges because I am question busy download first time so there is no delivery charges if you order it take for 3 days of delivery charges you are suggesting you can download because this is very very good platform to order any food,delivery,pre_2024,positive,5,2021-06-11 14:03:51,positive,negative,True,False,0.7449,0.4784
google_play,zomato,f1749e1f-cad4-490d-b794-6e50611a3176,Delivery rates are little high considering the fact that the menu items are already listed at higher price on zomato than the actual price at restaurant. Either we can consider listing the actual price of items and charge for packing at the end just like the delivery charge is calculated at the end,delivery,pre_2024,neutral,3,2023-01-23 20:49:33,neutral,negative,True,False,0.7442,0.401
google_play,zomato,112c972b-0907-4352-b814-4d50e984e351,"The orders placed are always missed out with some or the other items. It's been repeatedly happening. And being a respesonible service organisation, it's very shameful that the orders are not even checked before it's delivered to the customers. So I suggest people to not to use Zomato",delivery,pre_2024,negative,1,2020-01-18 23:08:46,negative,positive,True,False,0.7425,0.5318
google_play,zomato,0db41f20-37fe-4070-b9d2-28cdc26d2f16,"Zomato is great in general. Has offers, quick delivery, vast selection. However I have noticed that the price on the app is more than the price in the shop. I have also read that Zomato was instructed to rectify it as soon as possible, however it still pertains. Not sure when it will be resolved. Please look into it.",delivery,pre_2024,neutral,3,2022-04-26 13:44:20,neutral,positive,True,False,0.7425,0.4567
google_play,zomato,dc20173a-955e-4178-837b-6771309b689f,"Zomato services are good and their customer support is also good but they charge hell lot for the food, as compared to the actual prices of items in the restuarent. I understand that they need to charge their commission but then it should be nominal and not unreasonable.",pricing_fees,pre_2024,neutral,3,2022-04-16 18:20:12,neutral,positive,True,False,0.7415,0.4133
google_play,zomato,43488589-a519-4818-bb28-a018e6f2666f,"Always delayed delivery. Expensive compared to other food delivery services. Most of the times , items go missing. Even if the food is ordered within the radius of 3-4 Kms , it will take 2 hours to deliver. Haven't had any better experience ordering from Zomato",delivery,pre_2024,negative,2,2022-08-03 10:43:55,negative,positive,True,False,0.74,0.5371
google_play,zomato,fc8c8ae3-7ee5-4d38-acce-3ce7ea531c30,"The quality of Dahi bada was not good, it was hard, could not be eaten .I have made a complaint to the mithai shop also. It was my 1st order , sorry to say it was sad experience ,the cost is to be refunded.K.L.Bagga",refund_cancellation,pre_2024,negative,1,2021-10-24 21:20:19,negative,positive,True,False,0.7398,0.516
google_play,zomato,c87ff8a3-1e34-45fb-9002-fb11326d179f,fake app bro. not responding any orders ima ordering one biryani that birayani full spelling not responding my frds also same issue occured u want any proofs I will send that numbers u also verify,trust_reviews,2024_plus,negative,1,2026-03-12 00:30:02,negative,positive,True,False,0.7389,0.4774
google_play,zomato,9cf3ec01-1e23-4040-9b10-6ada7abe48df,This app has become garbage pretty quickly. They have hidden fees for hidden fees. The quality of the food as a whole in my city has become abysmal due to this app cause they are paying less and less to the restaurants and restaurants in turn cut costs to make low quality food for profit.,pricing_fees,2024_plus,negative,1,2025-12-03 13:11:09,negative,positive,True,False,0.7384,0.5309
google_play,zomato,030fb310-a5ad-464b-89b9-031b5fc70fa1,Always taking more time than time shown as expected time. Reason delivery partner saying is that app allows to deliver only after taking orders from multiple restaurants. Then why the app is showing expected delivery time less??? Really disappointing.,delivery,2024_plus,negative,1,2025-09-14 19:21:33,negative,positive,True,False,0.7376,0.4404
google_play,zomato,74829bab-b24d-4270-a378-1c2a684519b2,Bring back detailed reviews & data. This is a lack of transparency. We still have to go out and look at fake google reviews for Dineout restaurants.,trust_reviews,2024_plus,negative,1,2026-02-25 14:14:56,negative,positive,True,False,0.7363,0.5914
google_play,zomato,b09f42ce-3510-40f3-810d-5534d7b6eb76,the actual distance of the restaurant is 2 Km but it is 6.3 Km... and 6.3 Km is one another distance but the app is showing 9.1 Km... I want to know from which you are using to measure distance.. because google maps does show that... to take the charge of delivery you are tricking everyone. Please tell me the Method... if you want to calculate the distance please look at the distance of Hira sweets from IIT Kanpur on Google maps and on the app it's totally different. I am sharing one example I n,delivery,2024_plus,negative,1,2026-01-22 13:02:24,negative,positive,True,False,0.7347,0.4516
google_play,zomato,04d1586d-0ff9-429b-b71a-e27b29bd78fc,Whenever there is offer.. Your app doesn't work. If you don't have the server capacity then why you publicise such offers??? This only create problems for the regular customers and even regular customers don't get any offers. Such a third class server and service.,pricing_fees,pre_2024,negative,1,2018-10-07 18:08:44,negative,positive,True,False,0.7329,0.4326
google_play,zomato,84c0112c-b0ec-4022-a32c-43c2c3425b5f,"Had one incorrect order delivered once from Om Sweets, and i complaint to Om Sweets shop rep, as well as the delivery boy. Both denied not their mistake and put on each other. Later i complaint to Zomato team and they were really supportive and understanding that they without much questionings refunded the entire amount. Really appreciate your service. Thanks.",refund_cancellation,pre_2024,positive,5,2022-07-12 17:03:34,positive,negative,True,False,0.7321,0.54
google_play,zomato,e51af7fc-23ab-421c-a555-d1d18afa6440,"I have been using Zomato since 2019 and I dont turn to other applications for ordering food ! I simply reply on them because I know a) if they said they will be delivering by 30 mins , you will get it before 30 mins and not a single second more !B) I have used their customer support quite a few times but not much , and as per that , the team is really quick and gives perfect resolution for your promblems.Its becoming more reliable day by day !! Thank you Zomato for making life easy !!",customer_support,2024_plus,positive,5,2024-03-20 16:19:27,positive,negative,True,False,0.7299,0.7037
google_play,zomato,d0f280fb-e8a7-4f0e-9d26-69a538a92d3f,zero stars cause fee refund on cancelation of order is very cheap from company,refund_cancellation,2024_plus,negative,1,2026-03-24 19:07:39,negative,positive,True,False,0.7286,0.494
google_play,zomato,0f976f65-5d75-4aaa-9052-a234d8003f60,"User friendly. Quick Delivery. Zomato is absolutely helpful for South Goa, since there is no much home delivery options by restaurants. Zomato is much reliable, would definitely recommend. 31/1/2020 A Suggestion to Zomato If an item is not available the customer should be advised when placing the order not after the payment is made & deducted, then the order gets cancelled. Then again there is a 3-7days waiting period for the amount to get refunded into the bank account.",refund_cancellation,pre_2024,positive,5,2020-01-31 18:29:02,positive,negative,True,False,0.7271,0.6503
google_play,zomato,cfacd243-03a0-49cb-b49c-4365dd3c7f03,"no offers,bad cancellation policy and no professional management of User requests and problems .",refund_cancellation,2024_plus,negative,1,2026-01-19 13:51:55,negative,positive,True,False,0.7238,0.5552
google_play,zomato,0ee577df-acbe-4f02-87df-a705e13250e4,"now it's looting the customers, price and charges r unnecessarily high .",pricing_fees,2024_plus,negative,1,2026-01-20 18:50:53,negative,positive,True,False,0.7234,0.3962
google_play,zomato,5196b87a-dec0-4618-95a8-d5f48f365784,I dont know why I don't get cash on delivery option in zomato although my friends all have this option available. This gives me a big problem since I can't pay online all the time and I have cash most of the time. And other thing is there is contact less delivery option and I have enabled that but all the valets who have come till now with my order can't seem to comply with that I have to go and get it myself even after I tell them that i have opted for contact less delivery.,delivery,pre_2024,neutral,3,2021-10-25 14:17:57,neutral,negative,True,False,0.7193,0.683
google_play,zomato,404a243b-75cc-42a1-a9d4-c72f9365686b,my first order delivered 20 min late after showing time. Please order from Swiggy and food is cold I am now uninstall the app zomato I also uninstall district app because of by zomato,delivery,2024_plus,negative,1,2026-01-25 22:30:52,negative,positive,True,False,0.7189,0.4725
google_play,zomato,0b3d6ef1-22a0-48d2-83c5-a307eb5897db,"Easy access. Services to the customer is very much appreciated. On delay of the order Zomato takes responsibility of it and satisfies the customer by giving complementary which I liked the most. Tracking info, availability over chat, display of items hotel wise and item wise saves lot of time. bifurcation of coupons will give more options to select",delivery,2024_plus,positive,5,2024-07-27 10:28:18,positive,negative,True,False,0.718,0.5129
google_play,zomato,f39bdbd4-7edb-4a18-b86f-51f529d4e0b8,"I just don't like zomato. Food prices are always high. I have always like Uber eats, however, unfortunately this zomato has bought that and dragged user's like me to his app zomato. I had 219/- rupee credit amount also in ubereat account, however, it's not appearing in zomato when I was auto dragged to this app. Quite disappointed. This guy shouldn't have bought ubereat. Disgusting.",app_experience,pre_2024,negative,1,2020-01-22 23:50:23,negative,positive,True,False,0.7173,0.4618
google_play,zomato,7fca6074-a388-421e-b6b9-949707a2526e,I had a problem with my order 2 items which I have prepaid were missing. I contacted customer support via -Chat and Mr Vishwas from Zomato supported and resolved my probl instantley. Thanks Vishwas and Zomato. Cheers,customer_support,pre_2024,positive,5,2021-07-10 23:02:57,positive,negative,True,False,0.7171,0.4998
google_play,zomato,2382da1d-c038-4594-bc5d-8b09129a4981,"This app is a disaster. Every time you use them, there will be problems. Missing items, cooking instructions are never followed. The support is somewhere in a far country. It is a complete failure. Call restaurant directly. Try ur best to avoid using it.",customer_support,pre_2024,negative,1,2022-06-05 17:16:00,negative,positive,True,False,0.7126,0.5909
google_play,zomato,c3d8515e-b5b2-4412-9dee-6e758444aab6,"nowadays there's no offers at all very rare unwanted limited hotels have discount and that too small discounts buying the gold membership is waste even during festival season like eids, now Swiggy is much better in giving discounts and special special additional offer. old zomato used to be much better",pricing_fees,2024_plus,negative,1,2026-03-20 12:16:24,negative,positive,True,False,0.7114,0.4987
google_play,zomato,d06b1156-2724-4849-b7f2-b20868a160b0,I had some few bad experiences before where in the money was deducted from my account but the order was not placed..But I guess this has been sorted now and I am a happy user of this app. Best part almost all the restaurants are listed and honestly I like the offers that are provided. The delivery guys are really nice and humble. I sometimes wonder how they deliver ontime as there are too much of traffic these days. Will rate 8.5/10 as of now which maybe 10/10 in the near future.,delivery,pre_2024,positive,5,2019-02-14 23:28:22,positive,negative,True,False,0.7096,0.7192
google_play,zomato,1b3aa78f-a862-4a67-bdc3-7d2c3d88e52b,I love this aap because i am getting my food at my doorstep and in winter season specially but i am having a very bad experience as i had ordered manchurian and fried rice and the food was stale so i had to throw that food that time so this was the worse experience,food_quality,pre_2024,positive,5,2019-12-24 21:14:14,positive,negative,True,False,0.709,0.4799
google_play,zomato,57c5e043-9d19-4de2-8a2b-86c88292de31,This is one of the most useless apps. It has deterioated over time considerably. Other apps such as food panda and runnr are much better. Still hate this app. They chatge more than the published rates of restaurants. They publicise misleading advertisements in a bid to extort money. Wish it shuts down soon,trust_reviews,pre_2024,negative,1,2019-12-28 21:26:12,negative,positive,True,False,0.7079,0.5633
google_play,zomato,332c50ba-438b-4b79-adf7-da1a77d03c5e,Bring back the user reviews!!! User reviews were the thing differentiating zomato from other delivery apps. Without being able to see real user reviews and pics I don't have a reason to use zomato specifically anymore.,delivery,2024_plus,negative,1,2026-01-04 11:32:26,negative,positive,True,False,0.7031,0.6261
google_play,zomato,a19f82c1-d93c-4162-a936-eae071be3108,It's the coolest app ever! I love it totally. though it should be taken care of that the delivery man should be polite to the Customers. He pressured me to give him good ratings. He took my phone from me to rate him. He could not even find the proper directions to my place inspite of giving it to him on the phone.,delivery,pre_2024,positive,5,2019-03-22 13:49:21,positive,negative,True,False,0.7013,0.4633
google_play,zomato,ff6016c7-4666-4be5-978f-8b01cccc20cf,waste delivery app in the world don't download it,delivery,2024_plus,negative,1,2026-03-26 16:11:24,negative,positive,True,False,0.7004,0.5339
google_play,zomato,1d5e8f25-f2df-4f84-92c2-d220c86bc5c4,doing scams and fraud in the name of far loc. delivery charges,delivery,2024_plus,negative,1,2026-03-12 13:49:27,negative,positive,True,False,0.6999,0.37
google_play,zomato,0c6465d5-56ff-45cf-a228-dbe20f349a26,no cash on delivery if we order food urgently,delivery,2024_plus,negative,1,2026-03-13 12:59:44,negative,positive,True,False,0.6976,0.5367
google_play,zomato,d80f05d9-d6a1-4de1-a02d-4db3feaf1fab,Customer support not good & also taking extra surcharges without any reasons. Rates are higher compared to restaurants. Zomato not good at delivery on lunch and dinner timings. One the unfit app I regret buying zomato Gold. Again tried the same response,delivery,2024_plus,negative,1,2025-10-12 14:28:41,negative,positive,True,False,0.6974,0.5064
google_play,zomato,366a366b-fc36-45df-b70e-cae03f8155c4,"It is a really good and efficient app as they have all types of cuisines and over a thousand restaurants and I really have no issue with them. The one thing I don't like is the ""if you don't get your order within this time then ur food is free"" thing..No its actually not for free they just give you a coupon for the amount your order costed and you have to use it within 7 days...like if u want the whole free dilema it's just not possible and no they don't give it for free.",pricing_fees,pre_2024,positive,4,2021-03-08 09:55:37,positive,negative,True,False,0.6926,0.6303
google_play,zomato,f74e65c5-91a9-4393-b6c8-87d0fc6a653d,I am completing my B Tech and i make food by my own.Therefore no need to say that often order food online from ZOMATO. Whenever there is any issue with order thay solve it within 24 hours. I received a wrong order for which they have sent me ZOMATO credits which reflected within 2 day and are equivalent to money. I can say that everyone should trust on ZOMATO blindly. Thanks for the best service which you provided.,trust_reviews,pre_2024,positive,5,2019-08-12 22:03:04,positive,negative,True,False,0.6899,0.616
google_play,zomato,ba01925c-df7f-4542-9b56-8f0c39bebda3,"Thank you so much at first I ordered food from swiggy but they were unable to deliver it on time and wasted my 1 hour waiting for order, after that only I ordered from zomato which was delivered on time. Thank you so much",delivery,pre_2024,positive,5,2022-04-04 00:04:09,positive,negative,True,False,0.6895,0.5058
google_play,zomato,0c97eabe-3dd5-465d-8101-5759c4c6095c,food order karna aur paise Barbad karna iss app se....customer support ko sirf sorry bolna janti aur kuch nai...,customer_support,2024_plus,negative,1,2026-03-10 09:23:19,negative,positive,True,False,0.6866,0.5026
google_play,zomato,9fd74741-0962-478d-81fe-756e78422526,the prices on the app are higher than the prices in restaurants... additionally too many charges for packaging and gst.,pricing_fees,2024_plus,neutral,3,2026-03-25 20:25:53,neutral,positive,True,False,0.6863,0.4863
google_play,zomato,b2455161-ca54-4a99-a249-47389698f729,"its become very very expensive, platform fees,restaurant fees,GST etc etc rest all good",pricing_fees,2024_plus,neutral,3,2026-03-20 20:57:07,neutral,positive,True,False,0.6855,0.5793
google_play,zomato,7a7967b9-1294-4cbe-9210-40808cc052c9,The app shows outlets miles away from my current address despite the closest outlet being less than a km from our place. The cancelation window closed within 30 seconds of me placing the order. The feature now essentially defrauds customers.,app_experience,2024_plus,negative,1,2026-03-06 21:47:04,negative,positive,True,False,0.6844,0.4817
google_play,zomato,52645c7d-200b-4a28-977d-f72a66c17a8c,Bad experience with app,app_experience,pre_2024,negative,1,2022-08-07 21:28:16,negative,positive,True,False,0.6833,0.5008
google_play,zomato,c894ddef-d409-450d-a185-b87749b959ef,"Sometimes hard to order improve customer care add more good food points, launch Phone No. Its easy for conversation about problem. So many times things happen science I have join you. But how to contact you quickly nobody knows. Everybody in my circle have same problem. And my dear think if another app come with better way I don’t know what happened. In the end my friend think carefully. Thia is not threat this a suggestion from my side☺️",customer_support,pre_2024,positive,4,2021-01-18 21:48:34,positive,negative,True,False,0.681,0.5711
google_play,zomato,f44b8f56-a2e6-40e4-adef-b44dc37b6247,"Changing my review as the customer service has improved remarkably for the past 2 years ... I used to face a lot of glitches earlier and rated them 1, but I see improvement in the experiences and like it now",trust_reviews,pre_2024,positive,5,2023-01-06 00:09:52,positive,negative,True,False,0.6768,0.4391
google_play,zomato,a4e29cf8-2f42-4ef3-8d58-484d8a3d23e1,this app is not accepting any complain not delivered good food I am vegetarian and the app issue is showing me veg meal and give non veg meal this is not acceptable for my side I will never use this app again,delivery,2024_plus,negative,1,2026-02-13 00:09:48,negative,positive,True,False,0.6751,0.5362
google_play,zomato,87ef8b6c-9ba1-4a7a-9ac9-cbc791ad53bf,they always delay the order.. never on time delivery.. instead they increase the remaining time and show that order is on time... the app clock and timing is slower than universal clock... pathetic,delivery,2024_plus,negative,1,2025-10-12 15:23:58,negative,positive,True,False,0.6735,0.454
google_play,zomato,18443451-a19a-4f42-9b25-2b0eaff0c092,very expensive charges,pricing_fees,2024_plus,negative,1,2026-03-15 13:42:58,negative,neutral,True,False,0.6734,0.446
google_play,zomato,36fe91c0-36bc-4c11-8800-0601fc2d4e51,i have given this 1 star because i cant give begative star on head they are showing address of mumbai and when i clivk on restaurant it shows different adress and difficult cancelation procees,order_issue,2024_plus,negative,1,2026-01-14 20:18:14,negative,positive,True,False,0.6731,0.4472
google_play,zomato,3b2c6e4d-3806-4251-97ee-1de8b4014417,"The platform fee has increased too much. Used to be 10 per order, then inches up to 12.5 and is now 14.90. 15 rupees per order as platform fee is too much.",pricing_fees,2024_plus,negative,2,2026-03-19 22:04:30,negative,neutral,True,False,0.6686,0.3456
google_play,zomato,9605ab85-e550-4628-8323-f22166b092af,"all the delivery partners keeps the food somewhere and runs for the next delivery, no use of the zomato online platform there has to so much improvement when u r taking money so much",delivery,2024_plus,negative,1,2026-02-13 19:52:00,negative,positive,True,False,0.6672,0.5785
google_play,zomato,197a6e98-5e1e-4bdb-b179-1dc265cc0747,"I'm a regular customer, and I was happy with the service. But once I ordered and had to cancel it, as the delivery was taking time, but only the money for the food was refunded, and not the tax and delivery charges !",refund_cancellation,pre_2024,positive,5,2020-06-16 20:10:02,positive,negative,True,False,0.6671,0.5089
google_play,zomato,44c4d89b-e708-4c0f-be26-7bc00c898119,"This is trusted site but there should be something for users that if they complete 500 orders on zomato app or website they would get some gifts,or zomato credits which would encourage the users to do more numbers of orders so u all should put some interseting gifts which would make u all get more numbers of orders and it might profit able for the company..",app_experience,pre_2024,neutral,3,2019-03-12 18:22:30,neutral,positive,True,False,0.6652,0.4317
google_play,zomato,cd1f5480-7554-45df-b49f-1821796c91d6,"You will find items cheaper on other online delivery apps like swiggy. I was about to order a mission course from zomato n out of curiosity checked the same item on swiggy, noticed the same item with exact same quantity was 25% cheaper on swiggy. Definitely regret being a zomato gold member and paying higher price :'(",delivery,pre_2024,negative,2,2018-12-12 18:49:13,negative,positive,True,False,0.6641,0.4182
google_play,zomato,c421bcae-b439-4f17-8eb1-e8b245d9b1f7,Although discounts are less these days. But I like the customer service ..they are available 24 hrs in case if your order gets into some issues. Kindly show the restaurants unavailable for taking order in nights if they are closed and keep on updating it.,other,pre_2024,positive,4,2021-10-01 06:23:19,positive,negative,True,False,0.6615,0.472
google_play,zomato,e6c72272-ed08-41b0-8de1-6a16e579317b,"You replaced UrbanSpoon, but didn't keep the most useful part of their app: The random restaurant selector. UrbanSpoon let you lock price, type of food, etc, and then randomly select restaurants within those criteria. It was PERFECT for indecisive couples, who needed inspiration for food. Zomato appears to be a rent-a-center DoorDash, which is a cool option, but it's not ""special"".",pricing_fees,pre_2024,positive,4,2021-07-23 23:56:39,positive,negative,True,False,0.6614,0.4083
google_play,zomato,bbcfc00c-831a-471b-8eac-a5620891569b,The food delivery takes too long.. and there are frequent delays even if the place isn't far away. Also the food isn't as hot and fresh as it used to be in the past. Aslo the tax and delivery charges have been increased and the service have degraded.,delivery,pre_2024,negative,1,2021-12-19 21:04:36,negative,positive,True,False,0.6611,0.4763
google_play,zomato,69ac7db1-89b0-41e4-a650-ed49330e9db6,"If a amount need to be refunded after order was being cancelled because of restaurant, it needed to be put as an option as to be refunded to bank account or as some points or wallet which could be used for next order immediately. Nobody should have to wait for their hard earned money to be returned only after 5 - 7 days. Zomato need to improve to create a wallet of some sort.",refund_cancellation,pre_2024,neutral,3,2022-05-18 20:45:22,neutral,negative,True,False,0.6606,0.6011
google_play,zomato,722e7193-d99a-41cf-aa13-a9cba592c3c4,"First 4.2* is fake, Never ever take pro plus bakhwas of zomato, Very delayed deliveries always , I won't recommend it if you are waiting, they won't value your time in most circumstances, there are really better apps in market which are quicker than this go for them.",delivery,pre_2024,negative,1,2022-03-20 17:59:05,negative,positive,True,False,0.66,0.5745
google_play,zomato,43c79c02-baed-4fc8-9ed4-2d32ff910705,always late delivery,delivery,2024_plus,negative,1,2026-03-09 18:15:44,negative,neutral,True,False,0.6591,0.4781
google_play,zomato,c6cde6b7-1b53-4105-a6fa-f6e2ec43d83e,food price is very very high don't order from here go to shops please to save your money,pricing_fees,2024_plus,negative,2,2026-01-25 19:13:50,negative,positive,True,False,0.659,0.5375
google_play,zomato,ae0eb8a0-9458-41d1-875f-07c5ae5808d5,"Many people including me earlier used to have many cards related to swiggy and mostly order in it. I request all to just compare prices in zomato and then you please order. I am sure, you'll save more in most of the cases. Even there is scheduled ordering in zomato. it's not there in swiggy",competitor_comparison,2024_plus,positive,5,2025-11-02 21:03:21,positive,negative,True,False,0.6584,0.4636
google_play,zomato,91bcf996-e4ed-4de5-bbab-1d9c001cca51,"Though discount coupon applied zomato has cheated me. This is a biggest compliance for a company like zomato. Kindly focus in customer retention by providing genuine service . Please don't use fake promotional gimmicks to increase conversions. Zomato please be faithful to customers. Food from nandini was good. If you are unwilling to give discount or offers, don't show them on your app. Very rediculous service",pricing_fees,pre_2024,negative,1,2019-11-05 15:20:31,negative,positive,True,False,0.6568,0.4705
google_play,zomato,a543c86f-60ff-48bc-ae38-f39439eeabea,I loved zomato.... Only thing they must see to it that every item must have display of that particular item.. So that customer is clear... Sometimes we want to try different items seeting at home but while Ordering we see different types of name but we don't know how it look likes what is the size etc... And charges must not be high otherwise the timing and service is good and its good that valets are following proper guidelines👍,pricing_fees,pre_2024,positive,4,2021-07-07 20:33:42,positive,negative,True,False,0.6543,0.4267
google_play,zomato,a5c15e9d-5758-45b5-8bdc-6f5ba1f42654,Not using Zomato anymore since Zomato continues to tag Differently Abled Delivery People to Apartments & expecting Senior Citizens to come down for pickup. Highly Inflated Prices in many Restaurants. Packing done in unsafe Polythene Covers despite Hefty Packing Charges in Bill. Absolutely no action is taken by Zomato on Restaurants resorting to Unethical Practices.,delivery,2024_plus,negative,1,2025-10-10 14:05:05,negative,positive,True,False,0.6538,0.4287
google_play,zomato,2d6df06c-2887-41e7-aee9-79bff47d468a,outstanding service But sometimes its bad when call from zomato valet not reaching me even ones but its showing my order is cancelled.though it was prepaid order.. It was very bad from my side should be improved in future,refund_cancellation,pre_2024,positive,5,2019-11-13 14:21:51,positive,negative,True,False,0.6495,0.5707
google_play,zomato,ea67a4f4-0fd9-4f26-ad2c-a940679f2081,very much useful and friendly UI. But an instruction should be given to delivery executives to handover the parcel to the address specified. Many people reject to handover the parcel to second floor if there is no lift. If there is an issue to deliver to second floor they should not accept tge delivery order by seeing the complete address.,delivery,2024_plus,positive,5,2026-01-26 11:09:38,positive,negative,True,False,0.6495,0.5685
google_play,zomato,c31b4937-6892-4e33-824d-f16876d90fa7,"Very useful. But still I find some inconveniences especially in customer support. I understand this is only a platform between the restaurant and the customer, but still I want the problems those put in front of the customer support to get resolved and not simply stating that ""Sorry for the inconvenience caused"" or ""We will ensure that this may not happen next time"". I prefer using this online delivery app rather than other apps because of its EASE TO USE.",delivery,pre_2024,positive,4,2023-05-13 20:22:12,positive,negative,True,False,0.6493,0.7142
google_play,zomato,6243825b-27c1-4f5b-8286-e39871bca86c,you simply give offer which will not be applicable for all orders simply cheating not genuine offers.,pricing_fees,2024_plus,negative,1,2026-03-12 21:00:49,negative,positive,True,False,0.6484,0.5252
google_play,zomato,dc1a21d6-c833-4dca-8a81-915cd79145f0,"Bestapp.Deliver as they advertise. Better than Swiggy, because no false claim to deliver within 7 mins..and yet, reaching after 45 mins.",competitor_comparison,2024_plus,positive,5,2025-10-08 21:09:40,positive,negative,True,False,0.645,0.4889
google_play,zomato,f0e0f6c7-2d3e-4a02-9cf4-82b5e12ae73a,"I am unable to access the Zomato app from my phone. Have installed and uninstalled the app many times, but it has been of no use. It always shows an error with the message 'please try again'. I am so done with you, Zomato! Rating it 1 since I can't give 0.",trust_reviews,pre_2024,negative,1,2018-12-19 15:59:54,negative,positive,True,False,0.6431,0.4444
google_play,zomato,1003d5c2-d675-40a8-91d4-e87eea080f73,"I am a DP(DELIVERY BOY/PARTNER) in ZOMATO. As labour its quiet difficult, but towards customer, only there is no option to customer care, but to chat. It's nice. Enjoying as a customer 🤩😇",delivery,pre_2024,positive,5,2020-06-04 21:41:05,positive,negative,True,False,0.6424,0.4747
google_play,zomato,5c740178-cc21-44c9-aa35-4e752b9cd508,"the prices are way higher compared to dine-in. Even if we consider the delivery fees still the prices are higher. Also, the coupons are applicable on additional purchases.",delivery,2024_plus,neutral,3,2026-02-08 16:52:17,neutral,positive,True,False,0.6383,0.4435
google_play,zomato,78d23ab8-fd86-4ba3-9364-a90f8a48c8f4,Too much expensive if you start using these online shopping apps trust me in a year or two you will be out of budget to buy even your daily meal,pricing_fees,2024_plus,negative,1,2026-03-23 12:25:19,negative,positive,True,False,0.6366,0.5393
google_play,zomato,7cb1d961-5775-4b43-92a1-bc5d1406a929,Wonderful experience. It's keeps on getting better. I love the fact we can also order food for friends and family as gift. Makes life much easier. On celebrations I'm able to surprise my loved ones and no hassle as I can provide their number and locations. Only downside is discount coupons don't work for international card holders which is sad as who does not like deals. If that was changed for all then I would use zomato India more often!!,pricing_fees,pre_2024,positive,5,2022-03-17 17:09:34,positive,negative,True,False,0.633,0.5601
google_play,zomato,7522218e-6466-46c0-bb00-054133ae26ab,"Zomato is standing out of any other food supply apps. I really refer to anyo. It is my first preference for any food order. I would check it for my selected restaurant and if ever I did not find it I would go another 1, but this has never happened to me. My personal feedback is 5/5 for it's quick delivery, customer service, valet service. One more thing to say is about its offers or promos, it is very reliable and trustworthy. I always save about 50-75 rs on every order from my home. How cool🤗.",delivery,pre_2024,positive,5,2020-11-20 00:51:36,positive,negative,True,False,0.6322,0.6116
google_play,zomato,a5583de7-26af-4cb3-a78f-ee26f545065d,Its tricky n useful application but be careful applying your promo code etc if not applied n immediately you cancel the order they will accept your request but cancellation charges of whole order will be penalty to you it's happened with me but after my request they gave me credit in Zomato wallet which after lots of efforts I got success to redeem application is good n very useful,refund_cancellation,pre_2024,positive,5,2019-08-20 21:58:29,positive,negative,True,False,0.6313,0.6952
google_play,zomato,b2e5219b-6a77-4e85-8e0b-23d75fd535fd,Ghatiya hai Zomato app Koi bhi service nhi hai,app_experience,2024_plus,negative,1,2026-03-29 15:28:05,negative,positive,True,False,0.63,0.6897
google_play,zomato,3e085a49-dce5-4457-81b7-6bfaa7ec89ac,"Platform fee is unnecessary. Services are improved, order time is more accurate, just improvement in the application would be appreciated",pricing_fees,2024_plus,neutral,3,2026-02-21 03:25:14,neutral,positive,True,False,0.6264,0.4707
google_play,zomato,1f6fe0ad-4fe1-4ff4-8c36-2ee9512aeec7,"Delivery Charge is Higher than others. Very Disappointed with their services now. that's why I have to change from 5 star to 1 star. had there been a minus review. Zomato would be leading that. Expensive deliveries, Not Fast, Spilled Foods, No quick Chat Resolution.",delivery,pre_2024,negative,1,2019-05-14 13:19:14,negative,positive,True,False,0.6234,0.441
google_play,zomato,4cbeab19-c178-45a1-b7b0-2b8e9b88affe,Really the items which i have received from the restaurants by the zomato's delivery is much better than to drive thru to the restaurant your food might be soggy after sometime but after ordering from Zomato it has never happed that food become soggy or wet it is in a proper condition and at the edible temperature but there is one suggestion if you can't make your prices low but atleast provide discount upto 70-80% Satisfied by ZOMATO ☺️☺️,delivery,pre_2024,positive,5,2023-02-28 20:14:46,positive,negative,True,False,0.6226,0.55
google_play,zomato,ac931344-a544-488a-bdda-ff4661a2f3c7,its one of the wonderful app which is closest to my heart coz this app has been a tonnes of help in deciding factor as to which restaurant to go to with my soul Friend..😊😊 and the reviews and ratings in the app towards restaurants are the genuine ones and not something hyped by the company or any tampering as such I felt from my own self experience. Also the offers they provide are brilliant..😊 Thank you for making such a wonderful app...🙏🙏,customer_support,pre_2024,positive,5,2019-05-17 20:53:33,positive,negative,True,False,0.622,0.4588
google_play,zomato,2c41eff0-44bb-4768-af39-61091f8d871a,"Everything is good except for ordering in the evening is almost impossible as the restaurants continuosly go online and offline and also most of the time there's a surge fee for bad weather even when the weather is quite clear and sunny, it's extremely acceptable to pay extra fees if weather conditions are bad but it's really unfair when it's not",pricing_fees,pre_2024,neutral,3,2020-08-19 17:31:36,neutral,negative,True,False,0.621,0.4376
google_play,zomato,4eb8875a-00ee-4b3e-a7fe-2f538a341f23,"zomato service is prompt and efficient. The delivery boys also have pleasing nature. My only grievance is that I didn't get the 50% off on the first 5 orders as promised by Zomato. When try for the offer, I get the msg that I have already used up these offers on my phone, which of course is not true. However, sin e I like Zomato, I continue using it.",delivery,pre_2024,positive,4,2019-08-08 14:27:33,positive,negative,True,False,0.6207,0.4926
google_play,zomato,2432dfe2-9833-4f9a-8716-c3370f433fd4,Bekar app,app_experience,pre_2024,negative,1,2022-05-27 22:44:56,negative,positive,True,False,0.6206,0.7373
google_play,zomato,c9f7f65d-4f1d-4817-baf8-2dbe2e436e68,I can't find any restoraunts in Hubli Dharwad any more now....What happened suddenly....? I receive notification and when I click notification then I will get nothing... I uninstalled and reinstalled the app and still I can't find anything inside.... Very disappointed.. pls sort out this problem....,app_experience,pre_2024,negative,1,2021-12-04 11:42:48,negative,positive,True,False,0.6181,0.4965
google_play,zomato,5ccf077c-0ba8-4465-8e63-c584688f267f,Today the orderd hotel is holiday. But the order is took and after the amount will be refunded on 15th Feb to my bank account. I simply suggest please provide zomato wallet and pay the amount again immediately. It should be very useful to the customers. Thanks.,refund_cancellation,pre_2024,positive,5,2022-02-13 13:36:40,positive,negative,True,False,0.6131,0.4626
google_play,zomato,0de73922-10e6-4cb8-a61f-4a75757a76c3,"This is for modified food rates on the app. Your discount offerings hardly make any difference. Also, I have observed is food ordered from Zomato is less fresh compared to directly ordered. If you call the restaurant they deliver it at cheaper rates and the food is better that way.",pricing_fees,pre_2024,negative,1,2019-09-24 14:54:00,negative,positive,True,False,0.6106,0.4782
google_play,zomato,c2b8b714-7604-44b5-8b85-f607302040ba,"One time I decided to give Zomato a try, they tell false delivery time and now showing they will deliver when entry into housing society is closed. Good reminder why I never used Zomato in the first place.",delivery,2024_plus,negative,2,2025-11-28 22:48:34,negative,positive,True,False,0.6101,0.5972
google_play,zomato,1412d5f9-cc63-4cd2-af1f-7920586dfd4a,i rate 2 out of 5 orders delay from this app more many times I faced the same issue many more times,delivery,2024_plus,negative,2,2025-10-18 22:59:52,negative,positive,True,False,0.61,0.5895
google_play,zomato,30d8c1fe-1804-4f16-973b-8990ed627f95,Super app... Once i mistakenly paid for food and den cancelled it due to some issue i didn't realize tat dey already told me no refund.. so i spoke to zomato help service n also mailed dem.. d next day dey refunded my money back ...thank u so much ...kind ppl...,refund_cancellation,pre_2024,positive,5,2022-12-25 21:00:11,positive,negative,True,False,0.6049,0.5388
google_play,zomato,18fc52a0-98db-411e-9d71-1de985843d5e,have been a long time customer... services have gone better with time.... food comes really nicely packed... and on time... and two three if the order by chance was not on time or they missed to send somethings... credit points are added and money is also refunded... thanks😊,refund_cancellation,pre_2024,positive,4,2019-04-10 20:57:59,positive,negative,True,False,0.6039,0.6333
google_play,zomato,3ed64321-7080-4478-8239-38b904ec2668,Nice app..But sometimes delivery is too late even after payment..And small orders are not delivered like a single coffee costing Rs50 is not delivered...small orders also should be accepted..And also one option must be included that at a time we can order from multiple restaurants....But the service is provided to order from a single restaurant at one time.,delivery,pre_2024,positive,4,2019-02-25 13:01:52,positive,negative,True,False,0.6012,0.4821
google_play,zomato,7f5150d5-b296-42f1-944a-9a38cfbf4e1e,prices are always higher than whatever in restaurant prices are. what is with the new interface .... how to check the reviews for the resturant? because your stupid rating is not reliable especially in terms of food quality. customer ratings >>>>> great job in hiding actual important thing,trust_reviews,2024_plus,negative,2,2026-01-07 11:55:46,negative,positive,True,False,0.6004,0.4485
google_play,zomato,5c758e93-9bc3-4755-ba43-c647c3759779,What kind of update is this. After updating the app. All restaurants are closed. I can't order any thing. Restaurant list has been reduced n were I regularly order those unable or disabled or unavailable. Promo codes aren't working n delivery chargers have been doubled.,delivery,pre_2024,negative,1,2018-12-07 19:18:05,negative,positive,True,False,0.5997,0.4681
google_play,zomato,4e4f9b35-0b36-4bde-8807-f6c74348ae09,i ordered food from train countless times and everytime I was disappointed don't order online,app_experience,2024_plus,negative,1,2026-03-28 17:58:04,negative,positive,True,False,0.5996,0.5292
google_play,zomato,b8cf74b2-8283-4081-863d-8db0f61c7df5,good response from zomato when handling complaints but I always getting my delivery late I'm disappointed and it makes me feel like not to use this app again,delivery,2024_plus,negative,2,2026-03-24 20:59:37,negative,positive,True,False,0.5968,0.6882
google_play,zomato,1496055b-94ef-44b2-81ef-bb44cee1dac7,No support available for ruined food. App is run through bots. Customers are irrelevant and People are too expensive for zomato.,pricing_fees,2024_plus,negative,1,2026-01-24 13:34:46,negative,positive,True,False,0.596,0.5744
google_play,zomato,fb479f02-3e7d-4a33-87d5-e4d6e7829eda,"Once a customer tips a delivery guy, the preference automatically gets saved during the next order and very cleverly does not show on the cart, unless the customer opens the total billled section and unchecks the preference and saves it. A couple of times the preference was auto saved and the tip was added without my knowledge and my attention was not drawn to it. This feature needs to be fixed.",delivery,2024_plus,neutral,3,2024-10-02 18:51:02,neutral,negative,True,False,0.5949,0.7609
google_play,zomato,855adcb8-4940-4e00-aca6-f67a532d2b86,"When zomato accepts an order, they deliver it exactly on time, even with just a 5-10 minutes delay at most. But Swiggy delivers so late, it’s unbelievable. And their customer service here is really good, whereas Swiggy’s is the worst and people will die with hunger i had a very bad experience a bunch of times with Swiggy but overall I love zomato though it's a bit pricey. ❤️",delivery,2024_plus,positive,5,2025-11-24 22:49:12,positive,negative,True,False,0.5932,0.6654
google_play,zomato,aea84ac8-2072-467b-988a-079803e9c231,Main to yah kahunga bhaiya Zomato per pahle koi order Karta hai to khana Pina check kar le kahin badbu na de raha ho kahin Thanda Na Ho kyunki mere sath Aisa ho chuka hai,other,pre_2024,negative,1,2022-05-22 19:00:40,negative,positive,True,False,0.5929,0.6795
google_play,zomato,9d977d5f-3668-4944-a2f6-47c1ae9fe663,amazing ... the zomato team is doing really well ... i I ordered from a nearby cafe and it reached in front of my house in 10mins where as the other Company `S' is worst in locating your house. they always have to call u and it really irritates bcoz they just never understand and recently that delivery boy told me to cancel the order after wasting my 1 hr !! anyways the zomato exactly locates my house-keep up the good work! 😘,refund_cancellation,pre_2024,positive,5,2019-07-17 14:12:39,positive,negative,True,False,0.5927,0.7092
google_play,zomato,a453f818-497e-4f63-b39d-fd1d15eb5e69,"I really loved their 'Meal For One' initiative but they closed it during lockdown; I'm hoping that's temporary. Anyway, I find Zomato far better in customer service (seriously, they never disappoint) and UI/UX than any other food delivery app. One reason I'm giving a 4-star is their taxes. They should come up with something which gives an idea to the customer how much tax you'd pay depending on the amount of your order for diff restaurants.",delivery,2024_plus,positive,5,2024-01-25 16:51:50,positive,negative,True,False,0.5926,0.6935
google_play,zomato,fb017a9d-4fb8-4c03-b9a3-dd644d4a47a9,Don't go for zomato as per my experience. It shows discount of 10-20 percent. But they add more taxes when you book food of more than 6kms.additionally delivery chargs+taxes . =that coupon offer When you compare from other food delivery app. It's better than zomato.,delivery,pre_2024,negative,1,2021-05-26 16:56:00,negative,positive,True,False,0.5919,0.5724
google_play,zomato,7cb5997f-b632-49c7-ba9c-5f3aadab2a86,I have a gold subscription from long time. still facing issue of grouping orders. very dissatisfied.,other,2024_plus,negative,2,2025-10-26 19:36:07,negative,positive,True,False,0.5894,0.6258
google_play,zomato,c5f38882-4f0b-4da0-93d9-db3013102ea5,"when I download the app it's going well but then after 1 year now it shows that cash on delivery is not available, I mean like why ??? like this is very terrible problem very disappointing..so,please work on this.....",delivery,2024_plus,neutral,3,2025-10-26 18:54:12,neutral,positive,True,False,0.5872,0.5012
google_play,zomato,4bbe0427-92e7-47cc-b446-998ab5ba833f,Zomato ki sagar me koi online services hi nhi h bhut ghatiya bat he,other,pre_2024,negative,1,2021-06-16 23:49:37,negative,positive,True,False,0.5846,0.6504
google_play,zomato,e90da44e-78a6-408c-bf34-5ce1ed29bc77,"Nic loved it... I think In future it will be more profitable for zomato. Becoz at this time zomato is paying to restaurant's and making more and more customers daily. After few months or years people will completely addicted to online ordering. Because it saves much time. Then I think zomato will charge from restaurants, hotels ,dhaba etc. To stay connected with us...😅 And there is no big deal that zomato will make there own restaurants, hotels etc. ...🤗😅🤐",pricing_fees,pre_2024,positive,5,2021-12-25 10:43:59,positive,negative,True,False,0.5842,0.5829
google_play,zomato,374fd698-7a7b-476d-8c8f-6ab2cd7d62c3,"Life saver (most of the times) Really like there UI and humour. Customer support also has been above avarage. Initiatives like 'sent no cutlery' are great. I wonder whether you guys have an in-app option to tip the delivery persons. I didn't find one. If there isn't one, maybe try to put that in. cheers.",delivery,2024_plus,positive,5,2025-01-14 14:41:54,positive,negative,True,False,0.5826,0.5599
google_play,zomato,8fd1eb14-0edf-49d3-8f6d-a01e18a0cc44,"Zomato genuinely cares about sincere reviews. I had a very unpleasant experience with a business in the Downtown area of where I live. And it's abundantly clear that if the review is in good taste (no profanity, immature and hateful wording, etcetera...), they will publish it. the application works very well. Obviously, this may differ from device to device but mine is older and it works just fine. I don't do reviews of restaurants, but this time worked well.",trust_reviews,pre_2024,positive,5,2019-01-31 01:01:05,positive,negative,True,False,0.5792,0.4961
google_play,zomato,1b63d218-f1bd-4e64-a17f-e13e52d8a4ea,"They'll delay your orders, then cancel them and then give you credits as a goodwill gesture. But before you become happy my friend you'll be blocked from ordering for ""Suspicious activity"". The help desk will tell you they are ""helpless"". Meanwhile you figure how can ordering food raise suspicion. Con-artistry at its best.",refund_cancellation,pre_2024,negative,1,2020-01-24 14:43:41,negative,positive,True,False,0.5782,0.506
google_play,zomato,1827347f-2205-4f64-b488-8976a7b799be,11 burger order kare the deliveryboy pese legya sab ke jab pack khola too 6 hi nikle complaint ki too koi responce nii aya abhi tak bass yahi bola jara hai ki restro m ptaa karke btate hain sir bas (west hai ye aap ),delivery,2024_plus,negative,1,2026-03-23 10:23:57,negative,positive,True,False,0.5778,0.4969
google_play,zomato,67068d71-6da5-4e6d-b6a2-8c390fd14e12,You guys are way better than Swiggy! At least I have never been promised false that your order will be delivered in 30 minutes and then you deliver it 1.5 hours later like swiggy does. At least the zomato velets answer calls politely and listens to the instructions not like swiggy riders who doesn't give a damn about the customers or their time or their preferences. Thank you so much for understanding the value of your customer's time ZOMATO. Once again ZOMATO > swiggy. Thanks!,delivery,pre_2024,positive,4,2021-08-10 00:39:45,positive,negative,True,False,0.5752,0.6604
google_play,zomato,104b12dc-64c7-46de-9988-3b2294b8bb7a,"The service and the charges are fair. The delivery time displayed, menu, and refund in case required is accurate and hassle free. The only hitch sometimes is difficulty in adding offers or combos... The app doesn't allow or does not give pop up for not allowing the offer.",refund_cancellation,pre_2024,positive,5,2021-10-09 12:42:27,positive,negative,True,False,0.5746,0.4785
google_play,zomato,fa64a8ff-7c51-48d7-b094-147c40116e3c,"Very easy to use and very helpful sometime, great coupons available when it comes to the facilities....just 1 concern is there, some delivery boys are very unprofessional and rude ...they don't even want to delivery order to the door step...they ask to visit at certain place and pick the order...if you are staying at 4th or 5th floor they ask for lift if there is no lift in the building they ask you to come down and pick...they starts making us to understand about the policy..",delivery,pre_2024,positive,5,2023-04-27 12:34:43,positive,negative,True,False,0.5702,0.5805
google_play,zomato,2ef05fe1-374f-4faf-adfa-1fa05710be0b,Already menu rates comparatively more here. The platform fee also increased. Nowadays free sauce packets also chargeable. Really disappointed. Giving 2 star just for emergency and timely delivery.,delivery,2024_plus,negative,2,2025-12-06 15:25:36,negative,positive,True,False,0.5699,0.559
google_play,zomato,5f7c179a-3083-4436-acd7-58da505573fe,too much charges and taxes.,pricing_fees,2024_plus,negative,1,2026-03-12 12:56:21,negative,neutral,True,False,0.5696,0.4675
google_play,zomato,f841e2cb-9cc6-4a7a-80b2-bbc4f29fa512,"Fake offers, Orders got cancelled when there is offer. Food is costlier than actual restaurant but also take so many charges.",refund_cancellation,2024_plus,negative,1,2026-02-08 11:13:00,negative,positive,True,False,0.5675,0.4852
google_play,zomato,2f691547-8776-45b1-a092-e39e6398eafa,Fastest delivery service ever!! I had placed the order and received it just after 12 minutes!! Glad to use this app😊😊,delivery,pre_2024,positive,5,2019-08-26 15:33:26,positive,negative,True,False,0.5674,0.4994
google_play,zomato,d36e8d9f-543a-4815-8557-e95839cf4749,I would use and prefer to place food orders only in Zomato. I like the food coupons and the user interface to navigate all the options and categories. But only disappointment is more charges you are laying all the charges including GST on the charges and extra platform fee and delivery fee. These charges makes me fear and not to order some times. Reduce charges Zomato will be most preferable.,delivery,2024_plus,neutral,3,2025-08-02 21:19:40,neutral,negative,True,False,0.5665,0.4234
google_play,zomato,5aa53b00-a65a-41d6-82a9-5a9fa7af6a39,"Everything is absolutely banging! Love the app. But the packaging charges are too high! No restaurant charges 25 to 30 rs for packaging even when you order take away from the restaurant itself, they do it for free. Apart from that really great experience.",pricing_fees,2024_plus,positive,4,2025-02-20 17:50:25,positive,negative,True,False,0.5659,0.4202
google_play,zomato,dc1f423d-0b66-4c99-bb35-122402647526,"Zomato is Part of my Life. As I'm staying alone l'll order atleast 5 meal a week from Zomato. As per your moto, you never delivered a bad meal. This is not just words. But sometimes the offers are not available on any restaurant especially when I'm counting on last few hundreds of my bank balance. Please add live tracking feature in the website as I personally feel uncomfortable to take out my phone every 5 mins just to track the order. Also please provide Jackets to all your Riders!",delivery,pre_2024,positive,5,2021-10-02 05:13:45,positive,negative,True,False,0.5649,0.6407
google_play,zomato,e01f8ae0-f03d-4bf5-80fa-51c48e9e6531,"The app is very satisfactory. It gives you every detail of your order as in the time delivery man picks up the order to the time we get it at our home. My only reason for giving 4 stars is that it doesn't tell you how to cancel the order and the cancellation process is too complicated. I know it is to ensure that the restaurants are not at a aloss but we are not always intentional, sometimes we also do mistake. I would be really happy if the order cancellation process because easy.",refund_cancellation,pre_2024,positive,4,2019-06-26 18:48:15,positive,negative,True,False,0.5641,0.6293
google_play,zomato,6625b045-c4a0-43a8-aaa3-a855ff37bc1b,"All is well about zomato , but the prices of cuisines are tremendously high . I had visited over 20 restaurants from which i had order through zomato so far . There is around double inflation in the prices . So i would request to slightly lower the prices of the menu from the restraunts . And all other services , whether is delivery or time availability all other is so good . Just give a concern to the prices . So it does not hurt our pockets . Thank You",delivery,pre_2024,neutral,3,2022-12-08 17:20:59,neutral,positive,True,False,0.5628,0.4504
google_play,zomato,c758c207-8ac2-4acf-a18e-f129a922d688,"app is unhelpful , provide wrong item and unresolved problem so disappointed.",app_experience,2024_plus,negative,1,2026-03-25 16:47:32,negative,positive,True,False,0.56,0.5855
google_play,zomato,046c426e-f299-47bc-8b95-8a6696f46602,Delivery time is usually longer as app always groups multiple orders,delivery,2024_plus,negative,2,2026-03-11 13:27:15,negative,positive,True,False,0.5573,0.6502
google_play,zomato,86f14796-0a73-495f-b8bf-7168ab76fa54,Help desk is automated and based on option selection. I am not able to type my problems in support option. App needs to be updated for support related queries.,customer_support,pre_2024,positive,5,2020-05-05 14:20:12,positive,negative,True,False,0.5566,0.4386
google_play,zomato,01e15e9c-5559-46e8-a6e6-3293d50dcbca,I loved zomato. Delivered me within 27 mins my first parcel without delivery charges. Thank you but I have a complaint that from my second order it is asking for delivery charges which is valid but it was too expensive 😭 which I cant afford . The delivery chargers is equals to the price of my order. Please zomato reduce delivery charges in this pandemic we are also getting half salary . Hope you may understand . By the way the delivery boy was very polite 🙂🙂,delivery,pre_2024,positive,5,2021-06-30 13:20:07,positive,negative,True,False,0.5564,0.5383
google_play,zomato,6958e856-bce2-4884-b39d-d9fada00b5b0,bahut kharab service or loot mcha rkhi h faltu k charges lga rkhe h i advice people not to order by this app,pricing_fees,2024_plus,negative,1,2026-03-28 12:43:10,negative,positive,True,False,0.5529,0.5309
google_play,zomato,ed155559-f62f-42aa-a436-8f96bbff8f48,"Highly disappointed that Zomato is giving offers unfairly. I order food almost daily via zomato. But, I noticed that I am not getting the much offer, while my room mate (who dont order often) getting many offers like 125 off etc almost daily, which shows there is no discount or offer for regular users. This demotivates me to use Zomato further. pls improve.",pricing_fees,2024_plus,negative,1,2025-11-30 11:14:38,negative,positive,True,False,0.55,0.4585
google_play,zomato,14c1358a-948c-4d03-ba21-c9d0f5f8a44a,Delivery and other charges are very high which shoots up the total cost of the meal. Rest the app is very convenient and easy for ordering food online. Zomato should look into this and reduce other added costs a bit.,delivery,pre_2024,neutral,3,2021-07-10 15:48:38,neutral,positive,True,False,0.5494,0.6346
google_play,zomato,19d53cd2-9c36-4e86-8154-33c2d77cf515,I live away from my home but Zomato has this wide option of different type of cuisine available at the doorstep no matter you do not get the best always but most of the times the amount you pay for that facility and that kind of food is absolutely worth and sometimes your order gets delayed or sometimes some issues occurs but the Zomato chat support is always available if they are not able to help at least they always try to help,delivery,pre_2024,positive,5,2018-12-30 19:17:54,positive,negative,True,False,0.5486,0.618
google_play,zomato,9cbb0c22-c873-42f6-a7b3-3db05c3e3bf8,no cash on delivery on this app y can anyone tell me please,delivery,2024_plus,negative,2,2026-03-09 18:36:25,negative,positive,True,False,0.548,0.576
google_play,zomato,3f107ef8-28e1-4f7c-bff9-639989768348,"Excellent earlier, bad, off late. I have been a user for many years, long before zomato started delivery. I always loved it. But last 1 to 2 months it has become slow, some times the app doesn't open at all.... even though I update every time a new uodate comes.",delivery,pre_2024,neutral,3,2021-08-29 15:37:34,neutral,positive,True,False,0.547,0.616
google_play,zomato,ce809ece-e7bf-41b3-a677-6bf4236aeb12,"I have always loved zomato's Rating, infact for past 2-3yrs, i never leave for a food joint till i see it's Rating because i know they are unfiltered. I was hoping that they will improve their home delivery service, But now that Zomato has reworked and came with a bang on its home delivery, i have removed uber eats and swiggy from my phone. I have used all products of zomato now I guess and hope to continue the trend",delivery,pre_2024,positive,5,2018-09-24 23:26:10,positive,negative,True,False,0.5469,0.4642
google_play,zomato,fae943f5-a6b0-4a89-b506-4a1dbc917c06,ETA for delivery shown is very vauge... Resturants not taking online order is not showing any notification in app... often delivery took double the time shown in the app. Delivery time should be consulted from the resturant through the order acceptance added with transit time...,delivery,pre_2024,neutral,3,2019-09-14 13:41:47,neutral,negative,True,False,0.5435,0.4421
google_play,zomato,0da7b76a-eeae-438e-b60a-123af4eb31ca,good but careful about prices and other hidden charges.. Just lower the other charges and need more offers.,pricing_fees,2024_plus,neutral,3,2025-12-29 23:19:15,neutral,positive,True,False,0.5421,0.5648
google_play,zomato,789a2918-4d59-4a3b-9ca4-277506f6e2bf,charge 3X price 👎🤬,pricing_fees,2024_plus,negative,1,2026-03-08 23:30:03,negative,positive,True,False,0.5421,0.5228
google_play,zomato,1586053b-854c-48f3-833b-a0456e1f766a,I am very dissapointed from this app. From last some days i am observing it is not giving cod option which is not right. Many times I want to pay only by cash but they disable cod option and because of this I have to leave my mimd of ordering something.,app_experience,2024_plus,negative,1,2025-12-24 17:02:57,negative,positive,True,False,0.5417,0.4767
google_play,zomato,1f6de984-1ace-4faf-b48b-e1828f91e708,it's not checked properly restaurant are cook good food. zomato bad thinking to add restaurant not properly checked.. after few time bad experience by restaurant patner.. bad food provide.,food_quality,2024_plus,negative,1,2026-01-19 00:09:38,negative,positive,True,False,0.5377,0.523
google_play,zomato,b66b87be-c05d-4405-b932-64cb06f28a70,its soon as I didn't like your activity because here the scene I order an biriyani and the delivery guy on the way and suddenly the order was rejected and that time I so disappointed because I'm really hungry that time.,delivery,2024_plus,negative,1,2025-11-30 22:37:14,negative,positive,True,False,0.5352,0.5337
google_play,zomato,28e0eaf1-9d83-473e-a37b-c4e4a73093c2,I like zomato app very much...i think the delivery charges have increased bit too much since corona...that need to be worked out....rest everything is good....one option related to food quantity should also be there...as when i ordered food from ghee and turmeric i was very disappointed bcz of such less quantity in a such a high price.,delivery,pre_2024,neutral,3,2021-09-10 16:32:54,neutral,positive,True,False,0.5352,0.3994
google_play,zomato,be5fe30a-5eda-46bb-88fa-772cc2dd6549,"Chat agents are seldom helpful, anytime you ask for their supervisor, they always say they are not available. Even before they contact the restaurant, I end up calling them and get an update. ------------------ Thanks for reaching out to my concern. Lately I have noticed that the services have gone better than before. I'm glad to uplift my rating to a 5 star. Thanks for improving your services.",trust_reviews,pre_2024,positive,5,2021-10-22 08:15:01,positive,negative,True,False,0.5341,0.6675
google_play,zomato,a03193f4-287f-4ea9-b91d-5be6eabbd298,"I am very hungry at the time and not able to order food from known places because they are all closed. And hesitating to order non-veg items from other restaurants because i don't know the meat is ""HALAL"" or not. I request to add an option for that too. That would be very helpful and if there were any options like this please let me know. Ranchi ❤️",other,pre_2024,positive,5,2021-07-02 23:12:52,positive,negative,True,False,0.5324,0.5534
google_play,zomato,e5d28753-adf2-4221-b5f1-6a4af6391d02,price of every item is double and customer executive never listen to the problem sincerely,pricing_fees,2024_plus,negative,1,2026-03-06 09:20:42,negative,positive,True,False,0.5316,0.4685
google_play,zomato,5666b962-7811-4fc5-8ba1-3a96f209845a,"Don't like the app, while ordering you won't able to connect with the customer. The number which is showing there in the app is an invalid number. The delivery is quite fast as usual.",delivery,pre_2024,negative,1,2021-01-14 17:18:38,negative,positive,True,False,0.5305,0.587
google_play,zomato,aebba61b-674f-4f59-b2c8-38b2c8f1a4d8,"Didn't deliver my order and showed it was delivered Edit: i contacted their customer care and they we're very nice, they didn't dilever my order because a problem happened with my contact number(it was my fault and I'm sorry for that) aside from that, this is a good service app.",delivery,pre_2024,positive,4,2022-11-08 19:05:59,positive,negative,True,False,0.5296,0.5658
google_play,zomato,91a63b77-8915-46f5-9221-e8f784b1cf17,Enjoy the app but lot of extra charges are now charged by the app!,pricing_fees,2024_plus,neutral,3,2026-02-15 23:57:34,neutral,positive,True,False,0.5289,0.4657
google_play,zomato,396c41f0-0b09-4dc8-89b3-35ddeeb0c2d8,"your service and the offers are very nice I'm happy with that. But I had an incident today that one of ur delivery boy didn't deliver the food to us,but in app it's showing that he has delivered like that. I tried to contact him but he didn't pick the call, then I contacted the hotel and got his phone number and called him but the number is switched off. so a request for Zomato is please bring OTP option like meesho and Amazon. so it will very useful for the customers.",delivery,2024_plus,positive,5,2025-04-04 15:59:43,positive,negative,True,False,0.5276,0.5681
google_play,zomato,917fae2f-8a2a-4b50-98b6-2eccbf2058e7,"I used to love zomato, but the recent updates are not very user friendly. For example, earlier i could see number of reviews given along with the rating itself. Now if I go through delivery link, i can see it. Also the filter of (online order) is removed. Now i have to click the restaurant to see if the online orders are accepted.",delivery,pre_2024,neutral,3,2019-06-13 21:03:46,neutral,positive,True,False,0.5266,0.4459
google_play,zomato,1a7e79d4-0b06-45b8-a76f-9a8a4b6e1fae,"New update is just waste..... kindly bring the old version as its easy to use and we can see at what level we are. 1) kindly change the sections of go out and collection, as it totally khichdi over there. 2) bring proper option to view profile 3)kindly bring again the appreciation level, so people can write and enjoy zomato 3) do some changes in zomato gold also",app_experience,pre_2024,negative,1,2019-09-14 10:36:28,negative,positive,True,False,0.5259,0.62
google_play,zomato,0d681590-c4a2-422b-bfd7-cb64b79a0ec3,"nice and convenient, but the food should be seal packed more so as to avoid bad experience.. also that same thing should be conveyed to the restaurants.. Also you should tell the restaurants to remove the items from the menu if they are not available, everything gets so annoying when u hv paid more and the other items of the same value are not what u want..",food_quality,pre_2024,neutral,3,2019-09-14 09:54:38,neutral,negative,True,False,0.5255,0.5472
google_play,zomato,75317bde-70f2-4706-9b41-5b49e60fe22d,"In 2019, I rated you 1 Star for utterly pathetic service which I had to endure for some of the orders but over the years the quality of customer service has improved a lot hence changing it to a 5 star now.",food_quality,pre_2024,positive,5,2021-09-20 16:47:59,positive,negative,True,False,0.5255,0.5007
google_play,zomato,5b61200c-fa18-444b-afa3-80f8a1d6dea5,"If u guys don't change the notification sound i will uninstall the app very very soon, i am a normal user and i don't want to dig into settings if i can change the notification sound for zomato. And also i don't wanna disable notification completely bcz it's useful at times. That sound scares me 3-4 times everyday and Everytime i feel like uninstalling the app.",app_experience,pre_2024,negative,1,2019-10-27 13:14:12,negative,positive,True,False,0.5248,0.5003
google_play,zomato,21d0ec09-6fe5-442b-b997-b034b0438fd4,Best food app but sometimes pay on delivery function not available and cost of delivery fee too much high I ordered pizza cost 200 and the delivery charge is 71.50,delivery,2024_plus,neutral,3,2025-12-29 16:17:50,neutral,positive,True,False,0.5245,0.6603
google_play,zomato,b7c4c9b0-d84b-4e39-ad27-e0a81461506b,"App is ok and not sure why there are freqent updates. Zomato has become so greedy. Price of each item is already 20-50% more than the actual menu price of the restaurant. Time 9to10, 2to3, 8to9 p.m is by default marked as peak time (which are the normal hours people actually orders) and surcharge is levied. It's the perfect bulls**t",pricing_fees,pre_2024,neutral,3,2022-07-31 14:42:08,neutral,negative,True,False,0.5222,0.4719
google_play,zomato,12c12c4a-dca7-4122-a437-63b9068c617b,It's completely scam app !!!. Night time food price increases too expensive with any common senses.coupons and offers are worthless and it's doesn't makes difference from original price to changed price. Every body give low rating to Zomato app that's we have only choice to reach for report our problem ...,pricing_fees,pre_2024,negative,1,2022-02-08 03:04:56,negative,positive,True,False,0.5217,0.6377
google_play,zomato,389ab909-20db-4094-87e4-54b992d9b893,"I was having trouble placing an order with another food delivery app, after 3 hrs of failed attemp and rumbling stomach i finally decided to switched to zomato and bam! Placed and received my order in less than 40 mins. I love that it kept me updated with the status of my order, delivery man was polite and food was warm. Small downside was i had people calling me that totally doesnt speak english.",delivery,pre_2024,positive,4,2018-11-17 06:46:35,positive,negative,True,False,0.5207,0.5832
google_play,zomato,6021e893-742c-446b-aaed-41e311c0a2ad,Refund system quite disappointing.,refund_cancellation,2024_plus,positive,4,2025-12-09 21:41:55,positive,negative,True,False,0.5195,0.5804
google_play,zomato,5d995a83-cb5b-464a-bac5-d860762f5025,"Great services, on time deliveries, and man the copy writers are good. Every time those one liners appear on my notification bar i click on it, god knows why and my diet goes suspended for yet another day. But one thing, the food is overpriced. With the tax and delivery charges you have to pay twice the amount of money you pay in the restaurant.",delivery,pre_2024,positive,4,2021-06-29 12:20:46,positive,negative,True,False,0.5176,0.4991
google_play,zomato,86efaf3b-6ba0-47f1-9ed3-43afcbf49cfa,A terrible experience always with the zomato.. literally always.. they don't keep up the time.. and they don't say the proper time too..,other,2024_plus,negative,1,2026-02-22 17:39:56,negative,positive,True,False,0.5172,0.5428
google_play,zomato,b477a51d-36c4-47e3-8869-7f0bdabee0b5,"Simply waste. Not specific to Zomato, may be.. But the restrauants are taking it serious about the workflow.",other,2024_plus,negative,1,2026-01-26 00:08:15,negative,positive,True,False,0.5172,0.516
google_play,zomato,a98475fb-222a-44e4-b42e-238c9cfc8d55,"app works fine. lots of option to choose from. offers available throughout the year. There is only drawback that is if you have an issue with the order and you connect to the online chat support, they won't respond quickly and moreover they don't have any solution to your problem. Straight away they would say it is not in our hand.",customer_support,pre_2024,positive,4,2019-02-07 15:07:26,positive,negative,True,False,0.5165,0.8056
google_play,zomato,baff212a-13b8-4618-8daf-acc7975dadcd,"So far service is good. Delivery time is okay depending on the restaurant. Drivers sometimes good sometimes bad. But what I hate the most is, when u check the deals it is not on point. Just now, I checked the 50% off deals and I was shown with 20, 30% offs. How stupid can someone be? Click bait? Fake promos? False ads? All I know is I'm switching.",delivery,pre_2024,negative,1,2021-12-09 22:44:41,negative,positive,True,False,0.5143,0.4118
google_play,zomato,be178cc8-d907-4ca2-9f19-f76002bf1c37,"The 'wine shop' section has disappeared from the app for well over 2 months now. Have taken up this issue with zomato care since November, still they haven't resolved it. Every time I follow up, they just come up with a generic reply. I like using Zomato but they are really trying hard to push me towards other options.",app_experience,pre_2024,negative,1,2021-02-17 12:29:00,negative,positive,True,False,0.5138,0.5058
google_play,zomato,40e69ea6-8e83-433d-a137-8b240711674f,Best partner for night. But there is a small issue if we want to talk to the person who is making our odder he/she never picks call. And I had an mistake with my order I just ordered an extra product but for cancellation I had no option but it was my fault.,refund_cancellation,pre_2024,positive,5,2023-01-08 03:38:49,positive,negative,True,False,0.5135,0.5667
google_play,zomato,4f8a26bf-943f-43d6-9909-0f1e80ef7424,"Zomoto is convenient and professional. It is value for money for customers. My order was delivered free of charge, which is very satisfying.",delivery,pre_2024,positive,5,2020-12-16 14:42:34,positive,negative,True,False,0.5121,0.4822
google_play,zomato,9ebfc284-ee51-4280-9aa5-33676c4cd84d,not good as they demanded. basically delivery partner and store partner both are together. delivery partner always ask for good review and ratings.,delivery,2024_plus,negative,1,2026-02-24 19:26:22,negative,positive,True,False,0.5119,0.6267
google_play,zomato,996322ee-cc8d-4ab7-b8be-59886a868e8c,"I had a highly unsatisfactory experience with Zomato today. As a long-time user, but today and in last orderI am extremely disappointed with the app's features and customer service. Consequently, I will utilize alternative food delivery services, regardless of cost, in the future but notusing zomatofood delivery app fortune.",delivery,2024_plus,negative,1,2025-06-21 22:59:00,negative,positive,True,False,0.5101,0.6894
google_play,zomato,97de6cf1-ec15-42a2-9f0e-fd772adf1e33,That's the really grate application I ll used many time and didn't get any issue regarding the order But some time if I ll fced anything for the same customer service always with me😊😊✌️✌️,app_experience,pre_2024,positive,5,2021-06-07 18:04:33,positive,negative,True,False,0.5081,0.4737
google_play,zomato,a9654476-7e14-4c8e-82aa-a08c031b500e,Unhappy with the recent update where you have removed the search option from the favourites menu. It was easy to search for the favourite restaurant by entering the location/area. Please do add it back with your next update as it is definitely a very useful option.,app_experience,pre_2024,negative,1,2023-10-11 17:25:33,negative,positive,True,False,0.5028,0.6113
google_play,zomato,50271130-876f-4d81-bd9d-de374d21efee,"Such a nonsense app it didn't work properly. There are not good quality food. In my case, I ordered a pasta and there is a piece of hair in it.",food_quality,2024_plus,negative,1,2025-11-16 00:01:42,negative,positive,True,False,0.5027,0.6652
google_play,zomato,bb3d9c81-ea18-4c13-9609-0cd21469f068,Delivery service from Zomato was superb....my current location was showing wrong in delivery boy device....then I contact to customer care and they support well...they update my address in their device and delivered my order......sooon👌👌👌,delivery,pre_2024,positive,5,2021-11-22 14:54:15,positive,negative,True,False,0.5024,0.6884
google_play,zomato,0888af33-9d9f-4b15-9b17-e14ec7c45e65,"This zomato has a new update, jisme vo dusre contact friens konse restaurant se order karte h vo dikhate h.. and that's not good, esa nahi hona chahiye, it's someone's privacy..",app_experience,2024_plus,negative,1,2026-02-04 23:51:41,negative,positive,True,False,0.5018,0.5854
google_play,zomato,b55d7da7-0ed3-47e7-944e-ac668fc823cd,What's the point of asking for ratings if nobody can see them?? It was good before when we could see photos and then decide.,trust_reviews,2024_plus,negative,1,2025-10-17 12:45:06,negative,positive,True,False,0.5014,0.5499
google_play,zomato,f3fc96e3-4d7e-456f-be09-f96dd3ca26f1,Scammers. Keep saying your order is on time. The time to deliver gets stuck. at one point and you keep waiting.,other,2024_plus,negative,1,2025-12-29 14:04:33,negative,positive,True,False,0.5006,0.5404
google_play,zomato,20f03677-803c-48c4-8673-9e8a128d47c8,"Paytm links could be established or unlinked, as I am unable to unlink and link new account, this is resolved now through payment settings, one suggestion, while paying too, we could have option to link and remove or add account of paytm. Kindly increase max limit of delivery time from 30 mins to 40 or 50, this could lead to accidents for zomato associate or any other person.",delivery,pre_2024,negative,2,2022-09-12 20:00:24,negative,positive,True,False,0.5002,0.4535
google_play,zomato,c455d7b8-a1c5-41b7-91b7-3e6376e1ec82,"Please improve your navigation, because of this your delivery partner has to travel longer distances than a simple route. I am a customer giving feedback.",delivery,2024_plus,negative,2,2026-03-22 13:47:45,negative,positive,True,False,0.4999,0.538
google_play,zomato,63854315-cd57-4f8f-8891-10c0663ca2e9,too much delivery charge within a km.. platform charge is more than GST charge... we can drive to resturant and bring our order.. and can go upto 10km extra in there delivery charge 😂😂,delivery,2024_plus,negative,1,2025-10-27 22:42:41,negative,positive,True,False,0.4997,0.4703
google_play,zomato,64aa6962-432a-4701-9bb9-a88f0d6f559b,"Very convenient, avoids pain of speaking to call centre agents who can hardly understand your order yet send you wrong order, avoids pain of not having exact change with easy card payment, repeat last order by one click. Excellent. 5.5 Star service. Only they need to be gentle and humane with delivery riders and don't penalise them in case bit late because I can see them speeding in rain and bad weather. Not specifically Zomato, may be other services as well.",delivery,pre_2024,positive,5,2020-02-01 09:27:57,positive,negative,True,False,0.4986,0.5105
google_play,zomato,50f3b251-1e83-4fcf-8a67-a4108d36764d,"Nice Application for ordering online food, however, the reasons for giving only 3 stars because there is no direct customer support number and on couple of occasions, I have received cold & unfresh food due late delivery and thereafter, my greivance was not paid any heed, so totally disappointed.",delivery,pre_2024,neutral,3,2023-05-28 12:13:49,neutral,negative,True,False,0.4938,0.5862
google_play,zomato,852a675c-5cd1-4410-8805-5c79bc0c6fae,"A little bit costly , added multiple charges",pricing_fees,2024_plus,positive,4,2026-02-16 11:31:37,positive,neutral,True,False,0.4927,0.4047
google_play,zomato,824ca191-3dcb-46b1-ad40-9029fd59d88b,Today choosing zomato over swiggy has proven right for me. I switched from swiggy to zomato as swiggy has no control over their delivery person who r rude and cancel our orders for small reasons. But zomato seem to have gotten it right. With tipping and dedicated delivery person who don't even call till reaching my doorstep. I tipped the delivery person today who put extra effort in delivering me food. Somehow I feel a good difference with zomato. Hope it continues.,refund_cancellation,pre_2024,positive,5,2020-03-14 22:19:39,positive,negative,True,False,0.4912,0.5733
google_play,zomato,3a2af2aa-595e-4573-992d-38fa379906cc,App is superb.But there is deduction of money in first time but order doesn't confirmed still I can't get money back... Also there is no helpline number...,refund_cancellation,pre_2024,positive,5,2018-10-11 00:02:08,positive,negative,True,False,0.489,0.4684
google_play,zomato,1fec5055-3e15-4267-a059-6bbea19250ce,App works fine. Food delivery also happens more or less in time. But prices are overly inflated. They give discounts after inflating the price. So what we need to pay becomes more or less the standard rate of the market..,delivery,pre_2024,neutral,3,2022-03-02 12:50:22,neutral,positive,True,False,0.4889,0.5325
google_play,zomato,84455e4f-be7c-408a-8fdd-883f1dde4031,"Customer service needs to be improved for orders above 8 km range , the delivery valets do nakhares and the food is not well sealed sometimes. Update : They improved , now everythings better on zomato , no more old problems of delivery boys , zomato just doing gods work since they came into the food game .",delivery,pre_2024,positive,5,2022-08-10 06:08:44,positive,negative,True,False,0.4856,0.4804
google_play,zomato,a444b34d-0278-474a-9401-3aeaa0ce78d3,This app doesn't has a basic option of log out from all davices.... Someone else has logged into my account and using it for free and I can't log him out as long as I don't have access of his phone... Features like log out of all devices should be present in any app which involves financials of an individual. I hope Zomato team will get back to me with this issue,app_experience,pre_2024,positive,5,2022-12-31 16:03:47,positive,negative,True,False,0.4855,0.5078
google_play,zomato,3f4d8a9f-497b-4891-916c-a36bf1403620,"Zomato started allowing more than one orders at a time. Because of this, my orders getting delayed and almost got delivered wasted food. One order at a time is best, please do consider. Otherwise if we get getter delivery option we will move one. Moreover I do Zomato Pro subscription. What's the point of subscription?",delivery,pre_2024,negative,1,2022-04-17 14:06:46,negative,positive,True,False,0.4841,0.4588
google_play,zomato,9cdda42a-fdf0-43ec-a5df-b54ac1f927fc,Really happy with the services and the discounts 😚😚 One thing needs to work on the app. THE PERFORMANCE. I found that app isn't working properly especially on sunday. I order my dinner on saturday and the app was working fine but it's not working properly say 95% on sunday. I wasn't able to confirm whether my online payment was done or not and my order is confirmed or not. Please work on the performance and server. Thanks,app_experience,pre_2024,positive,5,2019-04-14 21:20:34,positive,negative,True,False,0.4833,0.5659
google_play,zomato,b7bd901d-a99f-4b65-9565-e80db8321ec8,Giving big coupons to new users or to those who order less instead of your regular customers? These type of marketing tactics can make you lose loyal customers. There are a lot of food delivery options and will only increase in coming days you know,delivery,2024_plus,negative,1,2026-02-18 23:31:41,negative,positive,True,False,0.4826,0.5296
google_play,zomato,9327bb30-c56e-451f-a86e-7ef1e04bfd8d,its great delievery app but here is some minor errors in app like if we ordered any food than we are not able to cancel that order if we cancelled the order we pay the money of cancelled order in next ordered item...,refund_cancellation,pre_2024,positive,5,2019-01-19 22:46:17,positive,negative,True,False,0.4821,0.5473
google_play,zomato,c232aeac-6d46-4b54-9620-274897c126b1,i don't know which time line zomato use their 3 minute remain 3 minutes until the delivery comes.,delivery,2024_plus,negative,1,2026-03-02 19:39:25,negative,positive,True,False,0.4814,0.5887
google_play,zomato,cf42e278-fe3c-4c83-b953-de4be6ea9cdb,"An app can remember all your past orders but can't remember my last location, so that you need to enter your location everytime you open it. I don't want to switch on my gps. You can't place a gun to my head for that.",app_experience,pre_2024,negative,2,2021-12-04 18:13:31,negative,positive,True,False,0.4798,0.4868
google_play,zomato,f3daa45e-52d7-4dd3-b543-67bfd5fbd478,Zomato gold offer was good but...not so happy with pro offers. Secondly rates for items are already higher then restaurant rates over which packing are charged. I can understand Zomato as a business needs revenue but if you could be transparent in charges. Not sure how this is calculated but this is kind of deceiving. Rest addressing grievances is best in class. Happy with ontime delivery offer.,delivery,pre_2024,neutral,3,2021-06-29 21:39:58,neutral,positive,True,False,0.4793,0.4634
google_play,zomato,69d91f82-1a6e-4e19-8af6-17dd0dfa24fe,"😀🤨Donot use Zomato, cook your food. But there are some days where you are helpless and you need some services like food delivery and qc. The zomato app is now fluid fast. They are able to get more offers for customers(considering they don't manipulate the menu) and they deliver food even on rainy and foggy days. I hope they provide no glamour foods on their platform which is healthy, tasty and at a reasonable price. Like qc's dark store, I wish they make a store at least in urban areas",delivery,2024_plus,positive,4,2025-12-23 18:04:42,positive,negative,True,False,0.479,0.562
google_play,zomato,ba739802-af46-4ba7-8e7f-dc117d80dd39,I don't like the fact that you've taken off the access to reviews. That was one way to identify the quality of the food and service. won't recommend.,trust_reviews,2024_plus,negative,1,2025-10-31 19:25:36,negative,positive,True,False,0.4783,0.5626
google_play,zomato,321e5686-4b94-4603-b014-a7bb9af0fce3,I like Zomato. Using Zomato app to order food for the last 4 years. Usually order 10 to 15 times each month. Till now faced no serious problem. Hope Zomato will continue to support its customers. Only problem I am facing now is too much delivery and taxes are charging which is becoming impossible sometimes to order regularly.,delivery,pre_2024,positive,5,2021-08-22 00:25:03,positive,negative,True,False,0.4781,0.498
google_play,zomato,324423cd-0b16-4c59-95dc-a7419a7e4970,"Zomato... It's high time you think customers way... 1. There's a great difference in your rates and direct rates.. and guess what, even after discounts offered, Zomato ordering is costly.. 2. Potion offered are less while we order through Zomato 3. There has been a consistent delays in delivering. The time shown invariably overshoots, and by more than twice sometimes... Thinking to stop my pro subscription now...",other,pre_2024,neutral,3,2022-02-13 09:08:47,neutral,negative,True,False,0.4764,0.4556
google_play,zomato,329d9774-4402-42ae-88d7-ef492d7da445,"ordering is easy, but if there is anything wrong with the order, getting customer support is non existent.",customer_support,2024_plus,negative,2,2026-01-10 22:33:54,negative,positive,True,False,0.4758,0.4835
google_play,zomato,4d82e643-e29a-4a0a-86bf-01e362d8842e,"I'm very happy with the way the vallets behave. They are not even trying to call me, they are juz knocking my door and giving me food and I am very happy that even without asking for a contactless delivery you are providing me a contactless delivery. This is really awesome. Few times I didn't rate vallets but they are really good. If they are late they ask for apology even before picking up the order. I haven't given them any tips eventhough they are delivering me the food whole heartedly ❣",delivery,pre_2024,positive,5,2023-01-16 12:09:08,positive,negative,True,False,0.4752,0.5877
google_play,zomato,2df26e07-fbe4-432a-a95d-50b77547cc29,"My orders are delayed every time because priority is given to another person’s delivery. This may be acceptable occasionally, but not on a regular basis.",delivery,2024_plus,negative,1,2026-01-27 20:53:15,negative,positive,True,False,0.4744,0.4504
google_play,zomato,d63fccec-53d2-4fef-920a-3371bbe18a2f,"Everything is good. But incase of discripancy, there is no support or contact so that it can be resolved. For example, billing issues or wrong delivery. We only get preformated replies. No support at all.",delivery,pre_2024,neutral,3,2019-09-29 13:39:03,neutral,positive,True,False,0.474,0.5289
google_play,zomato,29d8d7db-3f33-4007-ac0b-e0bfbff908f3,"Zomati is great over all however few things i fail to understand is why y'all do false advertisement. ""50% off Upto 100rs"" is indeed comes under fraudulent advertisement as 50% off is widely stated and there's Upto 100rs off written somewhere hidden. Please, stop using that cheap tactics. There are a few things which are a lil wierd coming from this gigantic company.",trust_reviews,pre_2024,negative,2,2023-08-10 14:46:04,negative,positive,True,False,0.4738,0.5008
google_play,zomato,7a26ef09-35ea-44bf-9551-d4a8fda81ef2,Applying promo codes doesn't work. It keeps on saying payment error. It's been more than 2 months now facing the same issue. All I hear is that it will be solved in 15 mins our senior team is working on it. Planning to leave Zomato for good.,app_experience,pre_2024,negative,1,2021-02-26 14:26:23,negative,positive,True,False,0.4734,0.4306
google_play,zomato,db7a535a-c4cf-45f5-b64f-1c1f3dc077d3,"Although your services are ultimate but if the delivery persons are trained enough to locate the exact place of delivery would be more like ""sone pe suhaga""😊 Sometimes they say that their company limit is upto certain area whereas the company only had accepted the order after verifying the locations properly. Hats off to your service 😊😊😊",delivery,pre_2024,positive,5,2019-05-05 14:05:40,positive,negative,True,False,0.4724,0.5567
google_play,zomato,550cbe0c-c43b-4583-a6f1-2f3dd37758e6,Prices should be fair. Food prices listed on app are way higher than actual listed price of items on restaurants own menu and portion size is also less. Coupon is useless thus. Makes one hesitant to buy from app and instead go get order from restaurants directly plus an outing also. Pls look into it and price items accordingly. Everything else is totally fine. Thanking you.,pricing_fees,2024_plus,negative,2,2025-11-08 20:26:37,negative,positive,True,False,0.4723,0.4624
google_play,zomato,ffd1de93-2ba4-4592-a3f1-4a8d9bb86221,I criticized many times when my order delay and also many time I cancel order because address unfortunately wrong. and also I unhappy because of domino delivery boys rude and empathic but really I say Zomato is best. always they try to reach me and listen me and try to solved my issue. zomato delivery boy very active. only one I gave suggetion give option to only come locality restaurant.,refund_cancellation,pre_2024,positive,5,2019-01-20 14:06:01,positive,negative,True,False,0.4713,0.5122
google_play,zomato,6967abe7-7529-4016-be26-cc298390f40b,"Best app for food order, only problem is when we delivery is managed by restaurant. Because in that case if there is delay in delivery or during the time time span the food gets cold or not as the actual taste. The resturant will say sorry and that's it. But if delivery is managed by zomato then We get some refund or coupon for compensation, that's a really good part of zomato. Also zomato need to work on the same when delivery is managed by restaurant.",refund_cancellation,2024_plus,positive,5,2025-05-14 12:41:48,positive,negative,True,False,0.4682,0.5913
google_play,zomato,bdca2076-24ab-499e-b89b-fb18f59bb48b,It became more worst than before.. swiggy is much more better than you people.. your charges are very expensive compared to other apps. Before I used to use only Zomato but now with your expensive costs I'm using different food apps with good food and good cost,pricing_fees,pre_2024,negative,1,2022-10-07 15:17:57,negative,positive,True,False,0.4676,0.5888
google_play,zomato,e77dcf0f-ecdc-4425-8c04-90d03a28218c,"Have been ordering from Zomato since almost last two years. Till now the overall experience is very satisfying. Almost no delays. I remember, once the delivery person had even called to tell that the delivery cannot be done today since it was too late. But assured me that it will be delivered next day morning.",delivery,pre_2024,positive,5,2022-12-06 11:31:03,positive,negative,True,False,0.4659,0.6062
google_play,zomato,e7f6998f-be5a-4f28-b4f2-11446163316f,"Smooth, but missing a key feature: Cart. If I wish to order food from two different restaurants, even if its just desserts, I have to make 2 separate bank transactions. It would be easier to just add things to cart and pay in one go. Also, Zomato could give the option of adding common things like Coke, mineral water etc. by themselves even if the restaurant doesn't offer it. Valets can pick up such commonly ordered stuff and bring for cash payment maybe.",pricing_fees,pre_2024,positive,4,2019-12-28 20:44:18,positive,negative,True,False,0.4638,0.6343
google_play,zomato,59469450-3900-4398-923f-6c46e3ee8e90,"lookin for honest review? here your are, worst application better download swiggy. Or make food on own or get it on swiggy but not zomato!",trust_reviews,2024_plus,negative,1,2026-02-15 00:53:28,negative,positive,True,False,0.4629,0.4842
google_play,zomato,42ca8485-2337-4ed3-956b-6d4665f63b5b,"shows a price while browsing and gives another hiked price at checkout , even after having gold subscription. zomato kaa maayaa",pricing_fees,2024_plus,negative,1,2026-03-01 22:52:13,negative,positive,True,False,0.4628,0.4615
google_play,zomato,00a53519-0aa8-4b8f-8f10-105ef80f3994,lots of charges on the basic rate. No easy way to find out how the App charges exorbitant surplus!,pricing_fees,2024_plus,negative,1,2026-03-02 19:42:58,negative,positive,True,False,0.461,0.572
google_play,zomato,7bf69e90-42ac-4f88-9e11-fa0b70b67bff,"I think that you need to put original photos of menu of restro by which we can choose or analysis the food and it's quantity. We are in lot of confusion to choose that it is good our not because it is not a product which can you return to get refund of it . So , my do it. Other wise you doing great then others.......😁😁😁. Or bhai koi 100 percent FREE order do mere ko.",refund_cancellation,pre_2024,positive,4,2018-12-13 22:43:09,positive,negative,True,False,0.461,0.4836
google_play,zomato,d05663e7-1b52-4283-ac8a-6d0c3876770e,Using Zomato is getting too expensive day by day,pricing_fees,2024_plus,negative,2,2026-03-23 21:51:10,negative,positive,True,False,0.4608,0.7195
google_play,zomato,a93efb05-2868-4629-8e68-21b12df720f3,"zomato better in my city, but as there is already taxes added restaurants menu, why you people add more taxes and platform fees, Whereas you actually already hiked the price from original menucard.",pricing_fees,2024_plus,neutral,3,2026-01-04 12:27:44,neutral,positive,True,False,0.4568,0.5241
google_play,zomato,0b77feae-9ede-49bc-a903-c3de7a04cf21,Superb service...and main thing which makes zomoto different and top from other delivery companies is there customer support service...Their customer support services agents are too supportive which nevers feels for customers that if they are in any issue then they who will and is it resolves or not. I give one suggestion also that zomoto should also starts tollfree line as customer care because by chat customer sometimes didn't share actual issue.,delivery,pre_2024,positive,5,2019-02-07 20:35:32,positive,negative,True,False,0.4546,0.6883
google_play,zomato,a7bda192-2920-42aa-a4d1-2cff3aa628a4,"Zomato was useful in the beginning, but now it feels more like an overpriced middleman than a convenience. Prices are inflated, hidden charges keep piling up. I’ve actually saved a lot of money by avoiding the app and ordering directly.",pricing_fees,2024_plus,negative,1,2025-09-03 23:24:02,negative,positive,True,False,0.4529,0.5482
google_play,zomato,30d272b9-56f5-44a2-8f74-24653d695389,The cash on delivery feature is not available on my account whenever I am going to order since last 3 days please look into the matter. I want the Cash on delivery feature,delivery,2024_plus,positive,5,2024-08-08 11:25:57,positive,negative,True,False,0.4522,0.4832
google_play,zomato,75a0ff9b-5aa2-44ba-94f6-b5e6ca18df15,"Extremely well interface app...am sure you have improved with users feedback. Suggest you make a cart for later booking / ordering...food. Like you have in Amazon and snapdeal ect. In a cart park concept you don't have to remember the items for selection again.... However I don't understand Gold to Zomato Pro is it down grading the membership status....I asked Zomato, they say it's the same benefits we will get and we will get 40 to 50% discount...on overall bill. Need to see the final benefits.",pricing_fees,pre_2024,positive,5,2020-09-18 00:46:12,positive,negative,True,False,0.4516,0.5928
google_play,zomato,51c7ff25-ce84-4a4a-8970-aa6e3f8c514c,Limited delivery partners and restaurants in our area,delivery,2024_plus,neutral,3,2026-03-13 19:23:03,neutral,positive,True,False,0.4505,0.7252
google_play,zomato,5bd664a3-59f6-4a38-9dd9-4552a9d26cc4,"Zomato doesnt care for customers. Few delivery partners are cheats and dont deliver as per needs, its like for ever waiting. Some restaurants cancel prepaid orders also if placed on Zomato.",refund_cancellation,2024_plus,negative,1,2026-03-04 15:09:13,negative,positive,True,False,0.4493,0.5724
google_play,zomato,38f2d269-6171-4254-9c00-5f1edb3be740,"No complaints, BUT please just provide the home delivery men with some cash or ask them to carry it themselves and pay them later. It would greatly improve the customers' experience by sparing them the anxiety of having to search for (a petty amount of money) a needle in the haystack.",delivery,pre_2024,positive,5,2019-12-29 18:43:34,positive,negative,True,False,0.4466,0.4504
google_play,zomato,b8054436-ffba-433f-a552-a8a77459dc45,"The prices are very much high compared to other food delivery apps, may be zomato charging high commissions from restaurants . I don't even remember when was the last time I ordered from this app, and usually in a week I used to order twice from the other apps",delivery,2024_plus,negative,1,2025-01-09 13:13:19,negative,positive,True,False,0.4446,0.4292
google_play,zomato,5c50d7c8-08da-4391-91d3-6805ed224d0b,"Does it come from where we are booking the meal from the choosen restaurant? Or is it being sent from somewhere else, it is a bit scary to where they prepare and sending...so my request is better to Cook in our own.. sometime if emergency then no option buy something trusted app like this... but not trusting myself this...",app_experience,2024_plus,positive,5,2024-11-30 18:51:22,positive,negative,True,False,0.4434,0.5872
google_play,zomato,14daeb42-03d7-48d6-9e55-739a8e2382a2,"Zomato Gold.. the interface and ""search"" in particular isn't convenient at all!! Please look at your biggest competitor Entertainer! Map view MUST be available. I cannot choose a place based only on some silly rating. What if I need a venue close to seaside? How am i supposed to find it? What if I don't know the names of areas by heart? Then I could have simply opened MAP VIEW and visually located Zomato Gold partners, if such an option existed. PLEASE review this point.",trust_reviews,pre_2024,negative,1,2019-09-14 01:32:39,negative,positive,True,False,0.4381,0.4672
google_play,zomato,21ea8b09-a758-41e7-8315-9dda0901006c,"Ai should have an option to send a chat to an agent, I can't read reviews for a restaurant before ordering food. Please implement reviews again, idk why it has been removed from UI",customer_support,2024_plus,neutral,3,2025-10-11 15:19:24,neutral,positive,True,False,0.438,0.4794
google_play,zomato,a7a73ac9-a349-4ba1-b75d-6b578e51f6df,"It's a LOOT in the name of delivery. The restaurant I chose has lower charges for items than displayed at Zomato. Zomato has displayed higher charges plus they are taking delivery charges, can consider about taxes but these charges are making the deal costlier.. In future Need to think about ordering at zomato..",delivery,pre_2024,positive,4,2023-11-20 20:08:32,positive,negative,True,False,0.4378,0.4054
google_play,zomato,7b074913-f44c-4e4b-adbf-ddb0c389d47c,"Hi Zomato Team, I have a suggestion for you. Could you please add an option to edit the order after payment? I recently encountered an issue where I wanted to increase the quantity of items in my order but was unable to do so after payment. Thank you!",app_experience,2024_plus,positive,4,2024-03-06 16:51:16,positive,negative,True,False,0.4258,0.5237
google_play,zomato,7ee025c5-23f7-4cd6-b43b-9ec3d9877da0,"Exceptionally high fees, inflated menu prices, no customer support. They are not only destroying their own goodwill and customer base but also doing a similar thing with Blinkit (which once was the best in grocery delivery). Investors of Zomato, beware. Read all the recent 2 months reviews and see its impact on its revenue in the quarters to come.",delivery,pre_2024,negative,1,2022-09-11 21:27:57,negative,positive,True,False,0.4237,0.4859
google_play,zomato,1a4be2cf-a465-41f4-b4be-4c3634c712fe,"Zomato is great platform on page but at the same time it does not address the question of their website. they have created multiple platforms, but in the race they have forgotten, there website. I am facing the issue of I cannot see my orders on zomato. why as a consumer I should go every time on my phone and see the invoice. congratulations Zomato great user experience. being sarcastic.",other,2024_plus,negative,1,2026-02-18 08:32:13,negative,positive,True,False,0.4216,0.5119
google_play,zomato,1e85fcef-619b-4f54-adb7-5fe21d289b1a,"Service is good. Interface is simple and friendly. Customer care is responsive. But the app keeps on going down. Been facing this issue for past some time now. Also, the piggybank coins don't seem to be of much use. Would be good if it starts getting accepted at more restaurants.",customer_support,pre_2024,neutral,3,2019-01-19 15:20:59,neutral,positive,True,False,0.4206,0.5564
google_play,zomato,aa9c3f18-cd9c-40dc-abf0-11eda0f2fcff,Shows order delivery as 25 minutes'or 30 minutes and get it delivered in 1hour and surprisingly app shows order delivered on time,delivery,2024_plus,negative,1,2026-03-09 14:25:31,negative,positive,True,False,0.418,0.6981
google_play,zomato,9b4c5563-6d19-45c3-84cc-f0f5de3c87b4,Its good ... it gives a lot of discounts ... but there is this one feature which i dont like is once the order is placed ... it can't be cancelled . The customer support are of no use. There should be a time limit of 15min or so to cancel your order if you want to .,refund_cancellation,pre_2024,neutral,3,2019-03-06 21:59:25,neutral,negative,True,False,0.4171,0.5573
google_play,zomato,170d9a28-ca1a-41da-9b89-031658f7bdae,"Recent experience with app is not good. Many hotels are showing as not deliverable. Wherever, hotels are available for order, delivery charges are too high. Getting same dish at cheaper price in alternate apps.",delivery,pre_2024,negative,1,2022-05-13 21:46:07,negative,positive,True,False,0.4064,0.5171
google_play,zomato,bb67d758-d34a-49d3-9990-25a3143140e7,"sometimes the restaurant makes a mistake in order, so they refund me the discounted price. So I have to reorder that same item I got a refund for but I have to pay more since there is no discount on a one item order.",refund_cancellation,2024_plus,positive,4,2025-05-30 18:39:27,positive,negative,True,False,0.3998,0.588
google_play,zomato,2714f030-b6e1-4c44-b9a3-dfff98e27ff2,"the app is really good because it gives you info about all the restaurant including menu. you can also categorize accordingly. But when it comes to ordering food, it's pathetic because of the people who work for them. we have to chat inorder to report our grievances but all they say is just sorry for inconvenience and it will never happen again. And the app has some issues. When you order food and when you try to track them it will just give you option to apply for a credit card",app_experience,pre_2024,neutral,3,2019-04-22 15:38:51,neutral,negative,True,False,0.3932,0.6264
google_play,zomato,09d42696-473e-494e-b6a3-9b0eede6ffd7,Experience was good about taste on food but not satisfied by the packaging ...and if you providing us discounts then foods should come in marked quantity but I am not feeling worthy on paying on discounts and getting less quantity even not matched as my payment is that a fraud by zomato about giving discounts or,trust_reviews,2024_plus,positive,5,2024-01-11 22:51:20,positive,negative,True,False,0.3905,0.5029
google_play,zomato,a8796afc-2256-41d7-9b68-c6d501f53c15,"They are good as long as every thing is smooth until you have a odd thing popping up - like your order is missed in delivery. I had mine missed , I was refunded a promocode and was not mentioned it's a one time promocode , only the item charge was wavered and the service and other charges where collected from me. I find this disturbing when some one take out money from the wallet with out service. It's not a huge amount to debate , I have given tips for delivery it would be just 3 or 4 tips.BUT?",refund_cancellation,pre_2024,neutral,3,2020-03-08 11:45:43,neutral,negative,True,False,0.3877,0.6852
google_play,zomato,dee2dfe4-645a-4da2-a9e8-42c3b67c5998,"So far the experience has been pretty good. The one time they messed up an order, they fixed the issue pretty quickly. The only thing that bothers me (not really) it has given me more reason to not get out of the house. Also the menu of some of the restaurants are weird like when I went their physically it had that item and it doesn't show on the app, it wouldn't been understandable if it was something hard to deliver but no I'm talking about fricking paninis here. The valets are nice.",app_experience,pre_2024,positive,4,2019-07-06 15:53:54,positive,negative,True,False,0.3867,0.6978
google_play,zomato,5aa2e149-4307-475a-8f28-c8b7d6ed1f16,"Sometimes your restaurant doesn't provides accurate quantity of food.... as expected ... I have faced many times the less quantity of food , regarding the same I have mailed to zomato also so please talk some of your restaurants regarding the quantity of food along with the taste . Anyone don't want that his or her hard earned money got wasted . Please look into the matter .....",other,pre_2024,positive,4,2022-04-13 13:07:52,positive,negative,True,False,0.3811,0.4872
google_play,zomato,1bfce69d-e33b-4713-b33d-6abd34585de6,"best customer care you'll ever find. wjevwr orders have come late or were mixed up, they've fully refunded me and have responded quickly. there's a lot on the internet about them, but statistically that's bound to happen owing to how many orders they deal with. these guys deserve some good reviews too, for all the work they've done. trust them and order people.",refund_cancellation,pre_2024,positive,5,2019-01-22 20:38:02,positive,negative,True,False,0.3722,0.5333
google_play,zomato,7612a0ee-f702-4084-b101-9fd2910aa25a,"WHY IS DON'T SEND CUTLERY ON BY DEFAULT? I WANT CUTLERY. Sometimes I forget to uncheck the don't send cutlery which is on by default, it's not possible to keep it in mind to check every time. And the worst thing is you can't change that decision after you place the order. And another issue with zomato (a major one) is that their map doesn't work very well and sometimes straight up doesn't update the drivers location.",app_experience,2024_plus,neutral,3,2024-10-19 18:41:53,neutral,negative,True,False,0.372,0.7238
google_play,zomato,616a1f8f-eba5-451d-bb38-002915f68653,"It's good, easy, and the fact that you can read the comments and ratings is excellent. Only issue is with refunds and like when we get a bad product and they don't care, when you tell them, that's not great customer care, also I had a major issue where the restaurant didn't send me the order and I used the coupon which was a refund coupon, but zomato was not at all helpful, so I lost my money and my order. That was a really bad experience with zomato but otherwise I had good experiences",refund_cancellation,2024_plus,positive,4,2024-11-26 15:37:11,positive,negative,True,False,0.3652,0.685
google_play,zomato,f0a4c365-047b-4c01-ab0f-ec6cf9e22fc8,It's pretty Fantastic tbh. Like there's nothing really to complaint about with the normal app. But ohh boy when it comes to Zomato pro. It's a scam. Once upon a time I was literally being charged more money even after being a member of Zomato pro 😂. It's that horrible. Other than that the usual app is perfectly fine.,delivery,pre_2024,positive,5,2021-11-23 18:38:50,positive,negative,True,False,0.3638,0.4569
google_play,zomato,5fb3ae96-4638-460d-8139-c611dfc3add2,"You need to instruct restaurants to train delivery drivers how to use google maps. All i want is to order my food and someone to ring the doorbell when the food arrives. I dont want repeated calls by delivery drivers searching for my address. The drivers are wasting their time, wasting my time, and, they are polluting the environment driving around to wrong locations. It is very ineffcient and can be corrected easily. Do something.",delivery,pre_2024,negative,1,2021-09-11 14:49:02,negative,positive,True,False,0.3598,0.4592
google_play,zomato,7610d3cb-3d4b-46ad-897f-49f9246c0545,"Delivery fee is too high. Absolutely ruined my ordering experience when the delivery fee of the order itself comes up to a thirds of the total order. Even though the food is good, i don't feel like ordering because of the heavy fees",delivery,pre_2024,negative,1,2019-12-09 21:51:32,negative,positive,True,False,0.3584,0.5222
google_play,zomato,89d7f815-780b-4052-8b94-1cca0bd254b5,"I like the pro version, overall no complaints from ordering and finding restaurant perspective. Some restaurants food are not Upto standard. Few things that can be improved: 1. Adding instructions on text, instead of using the voice note. 2. Other day I placed an order at pizza hut the order was accepted, I called the restaurant and they reported no order was issued. Later, I called Zomato and they instantly refunded me along with 500INR coupon.",refund_cancellation,pre_2024,positive,4,2021-04-28 21:51:38,positive,negative,True,False,0.3574,0.7607
google_play,zomato,ae6a41e5-9102-4628-8e61-9b5008d3554f,best app but small opinion from my end that Swiggy provide the same food on same restaurant in less prices and also they have better offers of 60% off upto 125 in all restaurants but not in zomato that's why more people prefer Swiggy instead of zomato. kindly look into this and if people get the same offer and same price on zomato as well I guaranteed more people will use zomato because it is trusted as compared as other untrusted apps,pricing_fees,2024_plus,positive,5,2025-11-28 05:25:31,positive,negative,True,False,0.3568,0.4864
