platform,brand,record_id,text,theme_final,recent_bucket,sentiment_label,rating,created_at,best_model_prediction,random_forest_prediction,best_model_correct,random_forest_correct,best_model_confidence,random_forest_confidence
google_play,zomato,0161f653-9798-4e7a-bada-88bee84cd2e7,I like the service of Zomato,other,2024_plus,positive,5,2026-01-21 19:31:03,neutral,positive,False,True,0.5483,0.8398
google_play,zomato,3e06cdce-3967-414f-be86-681ad657dcb4,There is no proper chat support moreover the prices are different for user and the price is high when compared to the hotel. The food ordered was cool maybe the food would be packed an hour before n then it must be delivered to us So what's the use of ordering online. They are giving Discount and taking a lot for Delivery charges for which the price of the order is becoming more than the price of food.,delivery,pre_2024,negative,1,2019-09-02 19:30:25,neutral,negative,False,True,0.529,0.823
google_play,zomato,8e03082a-fe98-4b43-a096-54ac1c92e353,"I placed an order & real time for delivering an order was given in app but neither i received the order on given time nor I was inform about any late delivery.I personally visited the outlet to know about my delivery nearly at midnight.Very bad experience i had on my first order itself.For sure i won't use it again & ask my friends, relatives not to refer....!!! It's my personal request/suggestions to please start availing the mobile number of delivering person so we can contact him/her.",delivery,pre_2024,negative,1,2019-11-11 01:00:10,neutral,negative,False,True,0.6457,0.8219
google_play,zomato,43cfd4f8-d519-4695-9abd-52364d15b017,Horrible experience at zomato,other,2024_plus,positive,4,2026-03-18 19:18:56,negative,positive,False,True,0.6048,0.8136
google_play,zomato,51f6c45c-2a3c-45f3-9a98-5bdad3eb331d,"Support need to be changed urgently. The AI based tech support is very poor. No option to give our feedback. I had a table booking and wanted to change the timing. There was no option. There was an option to chat with them regarding this booking. When I click on that, it takes you to a generic chat with some pre specified options to choose, but nom of them were regarding the issue I had and there is no option to put free text or explain the problem.tried many other chat options, but all in vain",customer_support,2024_plus,negative,2,2025-03-16 12:23:58,neutral,negative,False,True,0.5018,0.76
google_play,zomato,1020deca-e4da-4177-888a-6269baa2eaa8,"Below one was my previous feedback but I need to update. Worst service and customer support I have got. 1st time I ignored but it has happened again and you have to know this, no support at all. Whom to reach when you need help. There is no phone as they have restaurant one which doesn't work and chat support agent never turned up. Just sit and relax as we have folks to help when we need. All at your fingertips. Easy to Order, Best Deals and Great Service.",customer_support,pre_2024,negative,1,2019-05-11 23:23:41,positive,negative,False,True,0.4942,0.7507
google_play,zomato,cd9f71b5-ec36-4626-a845-c021d56f9d16,"I'm a big fan but the delivery guys don't have change and they keep on keeping 3 4 6 8 ruppees this is not good , so you should give them an option to put that change in our Zomato credits and the order money whatsoever it is will include that and they further deposit it all... not a big step by your side but could improve a lot and one more thing just please make your search system more like swiggy app it's the best way to search food.... just do these two things and I can bet , no complaints",delivery,pre_2024,negative,1,2020-02-03 20:23:10,positive,negative,False,True,0.6025,0.7477
google_play,zomato,66331acc-69f2-4b66-8dc5-58138e9db0cd,"Take out a subscription at your own peril! In Qatar they shut down the pro subscription and promised refunds for the remaining subscription to everyone but I've been waiting for it since November 2020. I only managed to use it once, thanks to COVID, and had 9 months to be refunded yet everytime I CONTACT THEM USING THE IN-APP CHAT, every other month, they assure me a refund is on its way and should take 7-10 working days. Well it's been a lot longer than that and still nothing has been refunded!",refund_cancellation,pre_2024,negative,1,2021-08-11 02:56:15,positive,negative,False,True,0.4916,0.7426
google_play,zomato,ca67f352-d910-463e-9921-97b01a13297c,I generally order food through Zomato. Not all the good restaurants are there on the app but most of them are there. Zomato UI has become cleaner and very friendly. Gave 5* rating due to their good intitutive UI.,trust_reviews,pre_2024,positive,5,2021-08-29 19:40:14,neutral,positive,False,True,0.6884,0.7393
google_play,zomato,6d55a038-6ccb-4eba-a647-51abccf7440d,this app is really good containing excited offers for foodie. the only issue is they charge high delivery and taxes which make the food costly.,delivery,pre_2024,positive,5,2019-01-25 13:40:58,neutral,positive,False,True,0.5002,0.7374
google_play,zomato,bec67561-3597-4e37-ad96-68fc61c8cad5,"One of the worst food ordering apps you will come across. Pros: Good with offers Cons: They won't accepts ur calls incase of any issue. U need to chat with them continuously. Even after chatting, don't expect any miracle to happen. It is always a negative for u. U will definitely regret. Zomato: U r very smart. U don't call ur customers, nor allow them to call u. Wow, so smart, AH's !! That's amazing. Middle finger.",app_experience,pre_2024,negative,1,2019-09-27 21:31:14,positive,negative,False,True,0.657,0.7198
google_play,zomato,196dabc4-2df5-49da-adef-eaabedf94b53,"I am very disappointed with the service. The prices on Zomato are extremely high compared to the restaurant. Even after applying offers, the price becomes almost double of the actual restaurant price. The delivery service is also very slow and poor. Orders take too long to arrive and the overall experience is not good. I would rate this service 0.0. Very bad service and very disappointing experience. Zomato should improve their pricing and delivery service.",delivery,2024_plus,negative,1,2026-03-08 14:57:44,neutral,negative,False,True,0.5234,0.7128
google_play,zomato,dffcec53-2db8-4538-91f5-79d328a9a158,"It is Easy to use the app but the delivery charges are much more higher than actual cost of Food items , delivery people are nice , okay type of packaging 👍",delivery,2024_plus,positive,5,2025-09-03 19:45:30,neutral,positive,False,True,0.5822,0.7117
google_play,zomato,3681a3b6-f301-41b9-be35-9f17f71ab06e,"Everything is fine, no problem, but I wanted to inform you that if the free delivery distance for gold members can be increased to 20km, it would be very good..",delivery,2024_plus,positive,5,2025-10-12 22:08:00,neutral,positive,False,True,0.8363,0.7077
google_play,zomato,210c9037-510e-4ff0-acdc-a5009c743d64,Customer service sucks. Got wrong order and was never resolved. Menu cost is higher than at actual place. What's the point of a Zomato gold eligibility when half items on the menu is not eligible even when cost is below limit and restaurant is gold eligibile.,order_issue,pre_2024,negative,1,2019-12-14 17:11:54,neutral,negative,False,True,0.5725,0.7059
google_play,zomato,41a867de-135a-4088-945d-4272104589ec,"Previous one was better.....by the tym u r adding items to ur cart nd final ur order, you get a currently not accepting order....this doesn't show that any restaurant isn't accepting orders on the wall.....bt after you make sure to order from the restaurant or make the order final it's not accepting.... please update ur app nd make changes for ur customers to use it easily.",app_experience,pre_2024,negative,2,2019-09-18 22:17:37,neutral,negative,False,True,0.5039,0.704
google_play,zomato,781611c2-6663-45b1-93e0-747183cea5a4,Money not refunded after order cancellation,refund_cancellation,2024_plus,negative,1,2026-03-28 13:53:26,positive,negative,False,True,0.5621,0.7035
google_play,zomato,a8503d4c-19c9-4029-a0b4-c5961341cd87,"It was great before but lately, I have been having issues with the quality of food from the restaurants shown on the app. The ratings didn't match with the product that I received. Something and someplace that was rated 4 stars had terrible food delivered to us. I do appreciate the customer care. They were prompt, formal and made sure that I was refunded for my bad experience. But this does not change the fact that zomato needs to talk to its partner restaurants regarding food quality.",refund_cancellation,pre_2024,negative,2,2021-08-23 14:09:29,neutral,negative,False,True,0.7338,0.7
google_play,zomato,f36b00f1-f669-4422-bcdb-de4f6afbd12d,"Numerous restaurants are there, so you get proper choices of food, but this app doesn't show the real time tracking (maybe some bug, which may be fixed). Overall the app is good to Use.",app_experience,pre_2024,positive,4,2019-04-06 14:23:01,neutral,positive,False,True,0.7758,0.6993
google_play,zomato,56f63d26-c5ed-44b7-9900-5f4618f8c54b,"I am not happy with Zomato Policy, if you have huge client base you should also take care of our complaints, mostly your customer care reply that food quality is not in our hand and review restaurant, but what is the use of review inside Zomato that's not visible for everyone? why don't you remove such kind restaurant (specially home food kind cloud kitchen). They are charging like a reputed restaurant but their quality and quantity is lower that a street food shop.",customer_support,2024_plus,negative,2,2025-12-10 22:09:23,neutral,negative,False,True,0.4007,0.6969
google_play,zomato,131b40a1-e3d8-4567-886f-012eff968d12,Still the best App when your stomach starts rumbling. But there are still resturants that shows 30 minutes delivery but takes more then a hour which is very sad.. Please do update your policies.,delivery,pre_2024,positive,5,2020-08-07 11:13:59,neutral,positive,False,True,0.4467,0.6953
google_play,zomato,c1e09796-487e-449d-bf3f-6b6e863563fa,Since update option of cod is not available....and after delivery of food y the zomato valet asks to give ratings at once at the time of delivering the food....they say they get some money if feedback is given within 10 minutes...its okk i have no issue with that but the problem is if you rate the valet at the very same time u must rate the food also....how is dat possible every time they ask u to rate the food without tasting....u ppl shd provid 2 rating windows one for valet and other for food.,delivery,pre_2024,negative,2,2019-10-29 15:20:39,neutral,negative,False,True,0.5772,0.6946
google_play,zomato,85d20185-568f-4d40-8431-f2775bd1de79,Everything is perfectly fine.but I'm rating 1star due to bluffing abt price and the offer coupon.the tax and other things come double the rate of food.if v visit the same restaurant the food is half the price.above that all other taxes. After this review the reply I got was like issue resolved kind.unfortunately nothing as such happened twice the same app people cancelled our order after taking payment.this clearly show how much grudge they carry out when we speak the truth.,refund_cancellation,pre_2024,negative,1,2023-02-11 23:28:02,neutral,negative,False,True,0.6364,0.686
google_play,zomato,92c32842-f578-4bdd-a2a7-7466b40355a8,Time is so long emergency orders in 25 minutes impossible for me still we are happy . Request for Zomato plzz real time updates improve for delivery status and show on the screen,delivery,2024_plus,positive,5,2024-03-16 19:07:07,neutral,positive,False,True,0.4282,0.6859
google_play,zomato,6887cd33-517d-4390-a818-1da984623666,"I had a problem with an order but due to some technical issues my messages was not getting delivered to the support executive after i pinned a complaint and photo . I had a loss , i felt i could have went to the shop n had food . We spend extra money through zomato. All the shops shows hike in price than their normal rates plus distance fee, restaurant fee,d delivery charges but still we love that ""% off"" then end up in some problem.",delivery,pre_2024,negative,1,2019-11-06 19:13:39,neutral,negative,False,True,0.4994,0.6835
google_play,zomato,5c1baad2-74ae-49e5-9b40-ea4662433bdc,"I love ordering from zomato , not everytime but the coupons makes the prices more cheaper.",other,2024_plus,positive,4,2026-02-08 14:40:32,neutral,positive,False,True,0.6654,0.6834
google_play,zomato,6b9268f1-7728-49f9-9a9f-18fb0eac72af,"I accidently ordered from an outlet which doesn't have good food and wanted to edit option to another outlet of the same restaurant within seconds of placing the order , No options for order cancelation within 60 seconds of order placement, nor is there flexiblity to call and speak to a human to address such concerns. Not so friendly experience while using the app. I would like to give ya zero star to zomato",app_experience,pre_2024,negative,1,2023-08-09 13:27:09,positive,negative,False,True,0.4681,0.6825
google_play,zomato,3145f9c4-a018-48b5-a80b-5d48e5f8492c,Brilliant! Best in market but the price variation is still high. Rates at restaurant and on the app are atleast 80-150 rupees hiked.,pricing_fees,2024_plus,positive,5,2025-01-14 17:58:28,neutral,positive,False,True,0.3874,0.6794
google_play,zomato,37bc2cc1-0516-4ccb-b352-e08992b2a07a,"FOOLING PEOPLE !!. I ordered an item and the item was free delivery as said in the total amount section, but when the delivery came,the amount increased and they added extra charges for delivery..This is how we are being fooled by showing less amount at first and then have to pay extra charges for literally nothing..could have given 0 star if there was any option !!",delivery,pre_2024,negative,1,2019-10-17 19:50:01,neutral,negative,False,True,0.6742,0.678
google_play,zomato,ae5e9618-50d5-43bf-81ad-fca0ee670ee7,Good experience with the app so far. Only complaint is that restaurants send cutlery even when I check the option for no cutlery.,app_experience,pre_2024,positive,5,2019-08-24 11:24:25,neutral,positive,False,True,0.723,0.6728
google_play,zomato,d62a5cb5-2ce8-4814-8b82-f3cc22e8e290,"Works for me, I mean what option do I have, it's either zomato or the cheap knock off of it, in this duopoly the market is suffering, so until n Unless there's third world app which can replace zomato, zomato has my 05 star, peace",app_experience,2024_plus,positive,5,2025-06-08 22:49:12,neutral,positive,False,True,0.4438,0.6708
google_play,zomato,9a36c4ae-42a2-442f-85b9-890fe169e97d,On the app free delivery in 1rs option appeared and to avail that I paid but after payment I got notification that m not eligible to avail this benefit...what is this scam..m trying to order food since the hour in my budget and all these issues I am facing... its not about 1rs but about scam if I believe to pay higher amount to get a good membership then...I need a solution on this!!,delivery,2024_plus,negative,1,2025-08-19 23:18:05,neutral,negative,False,True,0.5146,0.6695
google_play,zomato,2de38c77-3525-4c29-89b7-c3099a58f911,bahut badhiya hai ye Zomato,other,2024_plus,positive,4,2026-03-11 18:15:11,negative,positive,False,True,0.5273,0.6665
google_play,zomato,1178b8eb-33e1-45db-9027-7c9b2cb02ce1,Zomato has no control on restaurants . Zomato orders are given last preference and so one ordering food has to wait long .,other,2024_plus,positive,5,2026-03-26 17:10:15,negative,positive,False,True,0.4803,0.6629
google_play,zomato,7b85a80d-4239-4a90-b1c0-39be9ec43c1e,most of time when the customers need your support you are having some technical glitch. it's either your system updating or your restaurant usually cancel the order or take more time then promised so it's utter useless. Not as it once was and it use to be .,refund_cancellation,pre_2024,negative,1,2019-04-25 22:32:46,neutral,negative,False,True,0.5519,0.6547
google_play,zomato,b090d874-5c35-4bf3-8ee0-e6f40b20db1c,"This app is nice at first.But later, They introduced a system of coupon where they discount the final delivery charge. So once I order a waffle from a brand the total cost was ₹ 378, the coupon I selected was ₹75. Now practically the Final amount should be ₹303 but the amount it shows was ₹366 without delivery fees. So there is no gain or profit even after giving discount and I think zomato should know about it and seek remedy.",delivery,2024_plus,negative,2,2024-03-02 18:45:17,neutral,negative,False,True,0.7857,0.6477
google_play,zomato,975f160b-d160-4932-a3fc-44cecbe1a83e,"Delivery Service is ok but they charge much more than the actual resturant price.. First of all, the cost of food items in Zomato is more than the actual hotel menu and after that they also keep adding more fees( Fees other than delivery charges).So orders become more expensive as compared to when you go to restaurant and order directly.. Also there is very little or no benefit of getting Zomato gold..",delivery,2024_plus,negative,1,2024-07-30 12:29:54,neutral,negative,False,True,0.5344,0.6456
google_play,zomato,c75c21b7-0b43-41fa-91ee-395e7c3bf6e2,Super fast delivery but plzz include discount available on phone pay also and delivery charges are very high at discounted rate also and taxes too,delivery,pre_2024,positive,5,2022-09-22 16:00:34,neutral,positive,False,True,0.5618,0.6448
google_play,zomato,b409fbd5-7873-4458-bea2-229132321ec9,"A big L zomato 1st you charge so much then you dont make a effort to fix your customer's query so yeah thanks but no thanks. Edit: I reinstalled it assuming that they have fixed it after Months, but guess what you guys freakin did the same. Even the cheaper Magic Pin is better than you in terms of customer relationships.",pricing_fees,2024_plus,negative,1,2026-03-23 15:32:08,positive,negative,False,True,0.471,0.6445
google_play,zomato,7b45ab85-e778-476e-964b-4da47c68ddf5,"Application all together is good ,but there is some issue with the GPS location . it doesnt show the exact location ... and has happened repetitively...",app_experience,pre_2024,positive,5,2019-01-28 23:11:40,neutral,positive,False,True,0.4974,0.6411
google_play,zomato,07264b99-0cbe-4f7a-b7a4-94811120b42e,Kind of idea of feeding people is great but zomato should have banned the restaurants if a large no of complaints are coming for a particular restaurant but they are taking too much time to do so. Again the app is very nice and user friendly. Very easy find exact food and combination.,app_experience,pre_2024,positive,4,2020-10-13 21:52:57,neutral,positive,False,True,0.5552,0.6402
google_play,zomato,fb44f313-3135-4c84-b611-7d244ce24054,very poor. They have arbitrary charging rates. Also there are delivery charges and is not a free service. Also the total price is not displayed transparently before the order is placed. You get to know the total amount only after payment.,delivery,pre_2024,negative,2,2019-07-29 15:25:31,neutral,negative,False,True,0.5462,0.6394
google_play,zomato,196dc7c8-0e99-4bff-8751-a1b3ae5289d3,Coming from Mumbai I was looking for a restaurant which serves nice continental and Asian food. My search stopped with The Big Wong. I tried their Indonesian Rendang Chicken Curry and was totally sold. Have ordered many times from there now.,other,pre_2024,positive,5,2023-02-19 17:14:30,negative,positive,False,True,0.5049,0.6392
google_play,zomato,45cec67b-5233-4c80-b6cb-0d473b0be013,love the experience love that they value both the restaurant and client but anytime I order a burger It arrives cold n I can't hold anyone responsible for cold food,food_quality,2024_plus,positive,5,2026-03-17 23:01:26,neutral,positive,False,True,0.4484,0.639
google_play,zomato,3d96ec48-8de7-4e98-b562-e8ce402090fd,Doesn't disappoint neither with ads it's flirtish way of giving notification or with the delivery.,delivery,pre_2024,positive,5,2023-04-17 13:57:00,negative,positive,False,True,0.4918,0.6383
google_play,zomato,04e099bb-17f3-455f-8a63-cb148f749433,"It showed a price at first but when I'm about to pay it more than double of the money,but I didn't even ordered I just touch the food to discover why the price is changing but it ordered and I can't cancel when I talk to customer support they told the food has beed prepared so we can't cancel but that happened literally a minute ago",refund_cancellation,2024_plus,negative,1,2025-11-11 14:03:48,neutral,negative,False,True,0.5159,0.6345
google_play,zomato,98d04cef-9240-4fb1-9a50-0ee0abb5247d,There is only one problem where the restaurant not shows that the food is of full plate or half. And all of that everything is going very well with this app.,app_experience,pre_2024,positive,5,2019-09-02 20:43:31,neutral,positive,False,True,0.5328,0.6342
google_play,zomato,aa2cdeb0-d207-469f-b0d9-bd52bda2a4a6,Overall good but order grouping isn't good. Food in such situations arrives cold. So that's disappointing.,food_quality,2024_plus,positive,4,2026-01-17 22:26:24,neutral,positive,False,True,0.8303,0.6305
google_play,zomato,e80aa290-b4f4-4a3e-adaf-b8ffbafb4776,Good experience . But deliver changes for 3km is too much . Sometimes if we order with coupons or discounts also the Price of item is being equal to GST and delivery charges. Then we even can't feel they actually got best deal.,delivery,pre_2024,positive,5,2023-11-01 15:58:31,neutral,positive,False,True,0.6434,0.6266
google_play,zomato,00f4fe2e-d3c3-404f-8784-aa699f0b2cd1,Overally it is a nice app to place orders from different restaurants and u could explore more dishes with less cost using coupon but Cash on delivery payment method is not available to me even after i changed my address several times but others are available 👍. So Solve this problem as soon as possible not only me is facing this type of problems my friends too are facing so I request to work out on that.. i will be helpful to you Regards...,delivery,pre_2024,negative,1,2022-04-04 11:05:23,positive,negative,False,True,0.4387,0.6248
google_play,zomato,6842cfaf-7f4a-4349-9532-c748481e4ab7,"The app is not user friendly as it frequently asks for updating.No option of lodging complaints is there. On 13/04 while ordering food in the night, double payment was debited to my account. Till now no reversal took place. Even I am handicapped to raise my complaint to Zomato. The chat option is not working. So need to be addressed.",app_experience,pre_2024,negative,1,2021-04-15 21:41:16,positive,negative,False,True,0.4705,0.6217
google_play,zomato,4f51de1e-02f2-4410-b579-2b9532e42645,this app is good but prices are higher than the original price of the restaurant,pricing_fees,2024_plus,positive,5,2026-01-03 13:27:43,neutral,positive,False,True,0.4767,0.6203
google_play,zomato,f99479c3-b18f-4c8e-9fdc-3fd1cd6f3177,some time ago zomato was not delivere order in my address but now its ok I always prefer zomato too good platform to get own food,other,2024_plus,positive,5,2025-12-11 03:31:58,neutral,positive,False,True,0.5946,0.6173
google_play,zomato,5cff4244-3174-441b-9081-3aeb6ecdbc2d,"This app charges do provide the transportation for food. But do they perform a routine quality check ? No most of the time there is issue with quality, quantity and most irritating time for delivery. It shows a specific for delivery but when matched with actual clock always takes more time. ± 5mins is considerable but 15/20 mins...By the food reaches its cold n most importantly the feeling of hunger is replaced by anger n rage but what to do can't cancel the order",refund_cancellation,pre_2024,negative,2,2020-10-09 10:51:56,neutral,negative,False,True,0.6544,0.6153
google_play,zomato,7c113d46-b351-408d-a617-9e20b4569c09,Everything was good but the thing is with cancellation policy. The order was placed and wanted to have a change of order within no time and cancelled it. For that they are charging the entire order value as a cancellation charge. This is very disgusting with zomato.,refund_cancellation,pre_2024,negative,1,2019-03-13 13:39:59,neutral,negative,False,True,0.5833,0.6143
google_play,zomato,77a8be6e-5b52-4417-84a5-8050640f80e8,"Very nice experience. Timely delivery and good behaviour of delivery person. Except for the orders placed with Monginis, which was stale and couldn't be consumed , resulting into wastage of money and bad experience.",delivery,pre_2024,positive,5,2023-09-02 13:20:36,negative,positive,False,True,0.4063,0.6143
google_play,zomato,0489fe91-804b-4920-b258-1131b98c1861,Really a great app..they care for there customer.(before editing 5 stars). Now Zomato charge 18% taxes and charges for some restaurants and for other restaurants 18% taxes and charges + delivery charge+ restaurant charge but they provide coupon to save ₹100. Interesting thing is that after applying the coupon the price of the food is more than the price what you see in restaurant.,delivery,pre_2024,negative,1,2019-04-10 17:06:00,neutral,negative,False,True,0.615,0.614
google_play,zomato,81bb9621-1ede-4545-b181-13c9059f7747,"first the app, the UI is very easy to use, zomato has really put their thought in designing the UI meeting the customers expectations really well, but the offers they slide in sometimes doesn't make any sense. They sometimes use the, push the price strategy to make profits in orders which are really high I presume. Rest it works for me. Great thinking!!",pricing_fees,2024_plus,positive,4,2025-10-06 00:30:15,neutral,positive,False,True,0.5592,0.6137
google_play,zomato,b350d27f-9b21-4407-bffb-c4a0f8b26c73,"I uninstalled Zomato for one month now it's save money for me........you know why......... first of all I am a subscription membership that paid with money.......2nd thing delivery charges free if u order something in 5km inside radius and still have to pay more....... 3rd The most important thing is that I don't understand the rate of food,GST charges, platform charges, restaurant package charges......... So it conclude that Zomato app is not budget friendly app for those who uses daily..",delivery,2024_plus,negative,2,2024-10-27 10:24:12,neutral,negative,False,True,0.5283,0.6128
google_play,zomato,814812f5-2c1f-4543-85d5-d409c6877fac,"Charges & govt taxes go high if placing order in hurry, AI or the backend play the game, some times we have to double check before placing the order.. had an experience today, waited and tried checking 2nd time patiently, then the total amount got reduced making a difference of Rs.300 Hey Zomato.. kindly dont loot me🙏🏼",pricing_fees,pre_2024,negative,1,2023-02-01 19:47:59,neutral,negative,False,True,0.748,0.6112
google_play,zomato,e78f69a6-1828-4647-8453-85c844301335,I don't use this app much but ehen ever I ordered food from Zomato I felt happy because it's showing what we are searching for. Not making me confuse with giving so many options.. so I like it. 🤭🤭🤭,app_experience,pre_2024,positive,5,2022-02-12 03:11:21,negative,positive,False,True,0.5551,0.6091
google_play,zomato,d0e4ceda-9e60-4fff-aec8-41d940a860c9,"When I go and get parcel and when I order from online.... I'm seeing too much of quantity different... like restaurant PPL r like, since it's online delivery PPL can't complete to us directly, kindly do quantity and quality check before delivering the food. And you guys do a little scam too... it happened 2 times when I ordered from KFC...you show that you will get this item as free or you get this item as gift... when the delivery happens there is no free item r gift item...",delivery,pre_2024,negative,1,2023-10-12 12:33:01,neutral,negative,False,True,0.4619,0.6084
google_play,zomato,c7dd4031-0fe6-483e-8835-a7401e20190d,Accidently cancelled food because of app malfunctioning..they charged me,refund_cancellation,2024_plus,positive,5,2026-01-11 09:51:18,negative,positive,False,True,0.5785,0.606
google_play,zomato,fc63af81-b614-4595-bf5a-b09cfff779b1,everytime makes delay in delivering the order. and refuses to refund the money.,refund_cancellation,2024_plus,negative,1,2026-03-08 23:00:03,positive,negative,False,True,0.4682,0.6037
google_play,zomato,6975931f-fcb9-436c-93fc-08c6848480fe,"Has become pathetic... We can't interact for wrong items received.... I think everyone must switch to swiggy... I got a reply to write on some email address.... If Zomato is not serious about these issues, why should I bother when I have a good option as swiggy which is way better... Zomato earlier was interactive but now I think they have grown bigger than their own expectations",competitor_comparison,pre_2024,negative,1,2022-05-10 06:47:16,neutral,negative,False,True,0.5006,0.6032
google_play,zomato,b25e4c90-1c9b-4792-ace2-5d03e26bc9f2,Why don't Zomato uses OTP method for delivering the order.......as some times the order is not handed to the Customer and is seen delivered in the message. This also increases the fact that the order can be delivered to other person without knowledge of the customer. This improvement is strictly needed in the app as soon as possible.,delivery,pre_2024,negative,2,2019-04-05 11:10:27,neutral,negative,False,True,0.4889,0.6013
google_play,zomato,de771a68-e37f-4eb8-b31f-b224d527656a,Good helpful app for both the customer and restaurants Not able to see any benefit of pro account. Not gonna recharge it from next time,app_experience,pre_2024,positive,5,2021-12-25 20:01:47,neutral,positive,False,True,0.4142,0.6011
google_play,zomato,137d4147-d615-4042-9e8d-369d1f54138d,"Straight up looters. They will charge extremely high delivery charges, surge charges and packaging charges. The combined total of which could be ₹100 or more. However, lets face it, most platforms are doing that. If anyone finds any platform that doesn't do these things let me know. PS: For a pathetic spiel to justify high prices, look at the Zomato response below.",delivery,pre_2024,negative,1,2022-08-27 18:45:04,neutral,negative,False,True,0.4831,0.6006
google_play,zomato,0cdae651-a207-4a5b-a65f-243e368d8b65,Zomato gold is absolutely worth it. I got it for 100/- for 3 months and I have saved SO MUCH with it like wow and it doesn't try to scam you by putting a limit on the number of orders either 10/10 would recommend,trust_reviews,2024_plus,positive,5,2024-04-30 18:18:57,negative,positive,False,True,0.5756,0.5995
google_play,zomato,241e34ed-b6ea-422d-a0ca-4ac03bdc24c0,"Zomato, the customer ratings are not helping me choose the right restaurant, can you put some more effort and bring the best in class of food in every locality ? Put the elite restaurants with good quality food and value for money as your recommendation rather bringing each and every business on your app and put the burden on user to select one based on reviews! I mean literally you just add new restaurants? do you even care what they serve how much,...can't write more only 500chars great👍",trust_reviews,pre_2024,negative,1,2020-03-02 23:22:30,positive,negative,False,True,0.609,0.5992
google_play,zomato,4efe26e1-bcc8-48d4-88e0-3bf489a14dbd,"App is good but the WORST PART is of when ONLINE PAYMENT is already done. They always intentionally delay the order once the payment has been made online. However, they do it fast for money purposes if the payment is COD. ZOMATO NEEDS TO WORK ON ITS STRATEGIES urgently!! Not acceptable at all!!",delivery,pre_2024,negative,2,2022-06-23 20:23:19,positive,negative,False,True,0.4025,0.5988
google_play,zomato,ecfea2a8-127c-41cd-8dcf-6a53d2e7853f,"The recent update on the app, isn't cool. We were able to make decisions based on seeing real reviews by the users where they had share their experiences as well as real photos of the food. Now, since you have removed it, we can only see overall ratings than each feedback. I guess this move is for the owners benefit than for the customers. How much have these people paid you to do so? I personally liked Zomato, but with this move of yours why shouldn't I switch to Swiggy, with a faster delivery.",delivery,2024_plus,negative,2,2025-10-16 07:28:33,neutral,negative,False,True,0.5603,0.5986
google_play,zomato,689bffb2-19ed-427d-95e7-7ce4e150c726,"The parcel was kept at the wrong place. The delivery person called but I could not hear anything, and then I got a message that my delivery was done, so I had to chase the person and we got it only when he came back. The real problem is that you have a default contactless delivery option; the default should be with contact.",delivery,pre_2024,negative,1,2022-04-15 22:31:27,neutral,negative,False,True,0.5587,0.5946
google_play,zomato,a0699e96-0a93-4abb-9f54-d3e9c285d4aa,the app is good but should make changes in delivery system i.e once the order is accepted by delivery agent he should not be able to accept other orders for delivery due to this even though the order is served hot from restaurant it gets cold and delay due to delivery partner delivers other orders . every time I ordered I get cold food when the food is on the way. In this case swiggy is much more better than zomat.zomato should change this system.,delivery,2024_plus,negative,2,2024-03-27 16:20:55,neutral,negative,False,True,0.7084,0.5942
google_play,zomato,b5148641-01ef-4482-80c8-21b18a3d185a,Not so good. I have been using Zomato since five years and was going on well. Nowadays their charges are very high. They include Platform fees.service charge etc.Their only aim is to sell their monthly membership.They are not offering their so called discounts also. Sometimes the additional charges are more than the food itself. So overall pathetic experience. Really not enjoying Zomato now. They really need to take a serious look into this. now it is clear that they are exploiting people.,pricing_fees,pre_2024,negative,1,2023-10-24 20:06:07,neutral,negative,False,True,0.4174,0.5939
google_play,zomato,18af98c0-221e-43ec-89f5-ca18eeffc089,"It was working good few days ago. But suddenly it stoped all prome codes. After every thing is done they show no promo code is applicable on this order.Not happy 😡 the sell food at almost double the rate of the restaurant, Delivery charges extra if no promo code is given then what the profit of using Zomato app",delivery,pre_2024,negative,1,2021-05-26 10:45:05,neutral,negative,False,True,0.5283,0.5925
google_play,zomato,b15a701d-bc6b-4f1c-a781-4ec5ec60b216,"The app is very useful, but sometimes the order we make will not available in restaurant, but it reflect in Zomato app , after some times the restaurant will call n ask for replacement (food) Which really not acceptable 👎 when restaurant have no items they why they accept the order , the customer service is not good , need to improve on the relationship between restaurants n Zomato, n don't play with empty stomachs !!",app_experience,pre_2024,negative,1,2023-05-03 12:34:18,neutral,negative,False,True,0.585,0.5892
google_play,zomato,9ac2ea40-1110-4d93-9340-e607c253c7e0,"Makes food delivery easy and simple. However, there are a lot of charges levied on food order. Every item is overpriced compared to the restaurant menu over and above the taxes and delivery charges.",delivery,pre_2024,positive,4,2021-10-09 23:41:43,neutral,positive,False,True,0.4002,0.5845
google_play,zomato,67156384-47d1-4ec4-8813-b76cbdc78eb2,"An earlier version of the app had a feature to find nearby restaurants on a map view It made it really easy to choose between all the multiple options Maybe other users found it difficult to use or useless in some case, but I thought of the map view as a welcome addition to a 'restaurant finder' app. I hope they atleast add an option to enable or disable this feature so that the people who'd like to search via map view may use the feature",app_experience,pre_2024,positive,4,2019-05-08 13:06:37,neutral,positive,False,True,0.6109,0.5828
google_play,zomato,27e8e508-9ee3-46ff-a404-3fd7a1073cf2,All good but there should be a dedicated button for raising issues if delivery is not as per order or any such issues.,delivery,pre_2024,positive,5,2022-12-25 19:37:56,neutral,positive,False,True,0.5564,0.5817
google_play,zomato,d2c6b01a-7ee7-44fa-9ad6-86f67e3fec01,I know this app has been a life saver all along my last several years.But it has started scamming.Offering food as an auction.From unknown restaurants.Food that was already available at almost 95% same price as an offer.Food you never tasted.Deleting this Application.,pricing_fees,2024_plus,positive,5,2026-02-07 00:37:56,negative,positive,False,True,0.8006,0.58
google_play,zomato,d870861f-af31-44d3-a569-a32192a9f567,"Zomato has always been a convenient and popular platform for online food ordering, and I have used it regularly for quite some time. The app interface is smooth, and the restaurant selection is extensive. However, the recent changes in customer support have significantly impacted the overall user experience. Earlier, it was possible to communicate directly with a customer support representative through the in-app order complaint chat. Unfortunately, this option now seems to be removed.",customer_support,2024_plus,negative,1,2025-12-09 21:48:52,positive,negative,False,True,0.6294,0.579
google_play,zomato,26fae706-d244-4fdd-a7f6-943b52814d31,"Before it was good, but now it becomes Worst. Not happy with the app and the service, they added all worst class restaurant also on their list which are giving worst class services and food, just to become popular. Thank you Zomato for your service, kindly remove those restaurant from your list which cannot provide the good quality of food to their customers. Popularity is not the only thing that matters, trust is also matters.",trust_reviews,pre_2024,negative,1,2021-10-17 20:43:05,positive,negative,False,True,0.5535,0.5765
google_play,zomato,38a124c1-6bda-4d18-90d6-0e3c5d15e626,Latest version has issues (as mentioned by others) The service levels have dropped drastically. Still have hopes so have left at a 2* (5* 3 years ago). Will review again soon,trust_reviews,pre_2024,positive,5,2018-10-10 21:48:41,negative,positive,False,True,0.5387,0.575
google_play,zomato,64364ab0-eebc-4788-9edd-c868e432c7f3,"Simply good, I like your marketing strategy. Add up the money on delivery and packing charges, apply coupon cut it down and being the price back to ground. lol",delivery,pre_2024,positive,5,2019-12-03 23:43:28,negative,positive,False,True,0.4983,0.575
google_play,zomato,d51e1308-31b5-4fee-a4bc-7084a03ef901,Zomato se aage koi nahi ❤️,other,2024_plus,positive,5,2026-03-12 17:34:08,negative,positive,False,True,0.6423,0.5743
google_play,zomato,a5a29904-9af8-4583-97ca-a5c16ef1f32b,there is always a problem for self pickup ....payment gateways says payment not successful but the money is deducted....n takes me 2-3 time for placement of the order ...n money thus deducted takes day for refunded ...its difficult for a hostelite to not have the required working capital for days together...i like zomato a lot...but this only problem makes me give such a low score pls do check this...and also the app crashing problem...,refund_cancellation,pre_2024,negative,1,2019-04-09 22:30:15,positive,negative,False,True,0.632,0.5736
google_play,zomato,b948db5e-32e4-423f-9698-a18e2053ceff,"Hey there I like your app but there's a problem. I bought COLGATE coupons, for discount promo codes, but I didn't receive them yet. Please see into this matter urgently!",pricing_fees,pre_2024,positive,5,2020-02-20 19:54:18,neutral,positive,False,True,0.4476,0.5736
google_play,zomato,eb5ff689-5e0a-4728-bae9-d09c78081262,Good but billing details are hidden at bottom and some restaurant delivery charges are very high even tho having Gold membership need to work on it.,delivery,2024_plus,positive,4,2025-11-30 22:14:45,neutral,positive,False,True,0.8057,0.573
google_play,zomato,50adcc66-f627-4a91-b92a-e950db963719,"The app chnages times according to their wish when it comes to delivery and they keep on changing it everytime. This is not a good practice. If you cannot deliver in a promised time shown at the time of order, learn to acknowledge your failure and learn from it to improve your service...",delivery,pre_2024,negative,1,2022-04-01 08:37:14,neutral,negative,False,True,0.4767,0.573
google_play,zomato,d463b68d-5017-47f9-8a4b-042eccf54383,They list restaurants that they don't deliver for and show helplessness in case of any issues in the order. Not sure why they need to list those restaurants and why don't they put a clear warning of not having control so that folks can go to the restaurant site directly,other,pre_2024,negative,1,2019-12-15 21:46:53,neutral,negative,False,True,0.429,0.5729
google_play,zomato,51dc1d61-b5c3-4272-92c6-aab317a5533c,Excellent app Only problem is the delivery charges. Too exorbitant I recently got a delivery charge 80 rupees plus taxes which is too much I feel. Ridiculous. Only good if you have Zomato pro subscription,delivery,pre_2024,positive,5,2022-06-05 14:13:14,neutral,positive,False,True,0.5031,0.5721
google_play,zomato,8361c87d-fa3a-4906-895b-44f681588354,A lot of people have complaints in the review section but I would like to say that if you use the app correctly and provide all instructions etc. It works fire so yuh.,trust_reviews,pre_2024,positive,5,2021-09-14 20:21:40,neutral,positive,False,True,0.4462,0.5713
google_play,zomato,3fa080e1-6a03-4aeb-9ee4-5378df7d77e8,"The menus and search UI can be improved. Currently they feel confusing to use. Also the blatant plastering of ads everywhere, along with increasing ""platform costs"" is bad. Restaurants already lose a cut to Zomato on every order, delivery people only get 1/4 of the delivery fees + tip, and then we have platform fees and ads too? Really just motivates me to get up and go to the restaurant myself, so thanks for that I guess.",delivery,2024_plus,negative,2,2025-10-30 15:07:56,neutral,negative,False,True,0.4999,0.5711
google_play,zomato,ee5a24da-3bb3-4df0-98f8-07b828fca1ba,"Food are expensive in the Zomato app but if you visit restaurant it will ideal, I'm not taking about delivery fee here, only about the menu prices. I know a restaurant near to my place where I can get for an item for 200 rupees inclusive of GST +5 parcel charges, the same item is 320 rupees +GST+ delevery partner fee + platform fee in this app Again I'm not against delevery or platform fee its the price menu will be different.",delivery,2024_plus,negative,1,2024-09-21 15:29:26,neutral,negative,False,True,0.5224,0.5685
google_play,zomato,e392c336-b10e-4e91-ba15-6977cb55d4f9,I wanted to give you a -1 but the order saved you from biryani by kilo(although I wanted to rate them 1 my self.. but will rate them 4 as the food was awesome but they delivered the order late..) for you the rating spiked cos the food they delivered was good in taste.. and there was no help from your end..,delivery,pre_2024,negative,2,2020-08-02 20:44:19,positive,negative,False,True,0.5309,0.5681
google_play,zomato,99d62019-7a1e-45f1-9d1f-e90599e1adfb,I had a wonderful experience with zomato by mistake i have selected the wrong delivery address They have immediately Cancelled and refunded .,refund_cancellation,2024_plus,positive,5,2025-10-11 20:28:26,negative,positive,False,True,0.4962,0.5666
google_play,zomato,72ff1ea8-b350-43a6-8bea-fd9c55c54f64,Y does all ur delievery agents ask for tips.. then what is the use of paying delivery fees to u guys on the platform when we order.. some rare cases they ask for tips its fine..but everytime recently.. It would be good to cancel the delivery fee on ur platform so that we can pay them which u can mention in ur app..,refund_cancellation,2024_plus,negative,1,2024-11-29 23:33:21,neutral,negative,False,True,0.8872,0.565
google_play,zomato,4d45be69-00b2-4f3d-b8d9-834d24983d82,very good but I think extra delivery charge is too much,delivery,2024_plus,positive,4,2026-01-28 15:51:59,neutral,positive,False,True,0.5511,0.5618
google_play,zomato,7b0dbf4d-dc57-4e18-b069-4887c3949088,"I wanted to order from one restaurant and I found the price discrepancy between the menu and on the listing. Their reply is like the restaurant is over charging and zomato is more than happy to see its customers getting looted, as they r getting a pie from it. Zomato Reply- Moreover, we would like to inform you that the menu & charges are on the sole discretion of the restaurant management and we have no control on it.",pricing_fees,pre_2024,negative,1,2019-01-16 18:58:46,neutral,negative,False,True,0.4863,0.561
google_play,zomato,0f076eb1-c82c-46e3-881d-e3f8bf51aee0,"horrible ...i am not very familier with app. so was not able to place order properly . i wanted to order only 1 subway but by mistake i ordered 3 , but there was no option for modify or cancle the order. there should be some for it. if this continue , i doubt one will order anythjng on this app. as mistake can be done by anyone.",app_experience,pre_2024,negative,1,2019-04-15 06:19:49,neutral,negative,False,True,0.787,0.5595
google_play,zomato,89f84ec8-652e-40c1-bbea-9a7e3a35c994,"your giving the offers or coupons but it won't reduce the price...! why? because you're adding heavy delivery charges, delivery boy charges, packing charges, restaurant charges, long distance charges for 1km and what not...? seriously you guys are disgusting. The app was good once upon a time but not now. You're just pulling out the money from our pockets by adding all this nonsense.",delivery,pre_2024,negative,1,2023-05-06 17:37:39,neutral,negative,False,True,0.4757,0.5595
google_play,zomato,fc03434d-4a5c-4b09-a12a-9b9e387faf2d,App has been crashing constantly since the last few days/weeks. Unable to place orders.,app_experience,2024_plus,positive,5,2025-06-23 22:15:07,neutral,positive,False,True,0.5862,0.5594
google_play,zomato,508b47bb-05cb-40e6-ab00-a4030c708941,"Need to improve some features like, if wrongly ordered needs some better cancellation procedure. Also item rates are very high need to look into it.",refund_cancellation,2024_plus,positive,5,2025-02-24 16:43:50,neutral,positive,False,True,0.7504,0.5575
google_play,zomato,827f7b44-8e0d-47a6-a2ad-faf0c59f0320,The app works good. It is very user friendly and the customer care service is also very efficient. But the tax and extra charges laid on every delivery sucks. But that isn't the problem of the app actually. They provide offers every now and then. I'll recommend Zomato as a good alternative to Swiggy because Zomato offers delivery to a wide area were no other food delivery app delivers. Good service. Keep up the standards in future too❤️,delivery,pre_2024,positive,5,2020-07-29 16:27:16,neutral,positive,False,True,0.493,0.5573
google_play,zomato,5c8bb6e7-68b4-4546-a043-df4401ed73db,"have noticed it frequently that, ordering online delivers so late idk why. it took them 1:30 hours and the restaurant was just 15 min away. would be better if they hired people who are actually aware of the work and not just roam around wasting time",other,2024_plus,negative,1,2025-12-21 17:33:41,positive,negative,False,True,0.3602,0.5531
google_play,zomato,e92690bc-6272-4122-be0b-2ca8f31da275,"They charge very high as in delivering charge , taxes and restaurant dishes price too differ , that means you are paying almost double the amount. Food which is delivered also becomes cold and if order gets very late , they don't respond well , not happy with the services",delivery,pre_2024,negative,1,2021-04-12 13:19:01,neutral,negative,False,True,0.4955,0.5524
google_play,zomato,7067740a-e884-447b-867b-e9f1d583887a,"I don't know what is wrong with this app promotion, I keep getting offers however when I try to use them it never works, however I am satisfied with their delivery but still not a fan as they keep sending disruptive offers which are good for nothing, sometime I feel it fake promotion strategy. I hope Zomato will work on stopping there their fake promotional messages.",delivery,pre_2024,negative,1,2018-11-10 12:07:36,positive,negative,False,True,0.4789,0.5452
google_play,zomato,10b99132-9260-4f8a-badc-7c8813524691,Costly food than original prices of foods.. And do not give any offer to regular customers..,pricing_fees,2024_plus,positive,4,2026-03-12 20:54:42,negative,positive,False,True,0.5367,0.5437
google_play,zomato,f441d30f-5973-4d99-a8c5-5fd6fb116d23,"Stealing personal data, gathering data from other apps too like paytm, whatsapp and play store other services. Bookmarked restaurants removed menus from their restau's & uploaded images of menu card instead. In restaurant feedback it's by default loading more than 2 photos which are unselected and seems suspicious that those might get uploaded even though those are unselected, asking for location permission to many times even whole address is given. Very buggy app! Please don't remove my review.",trust_reviews,pre_2024,negative,1,2021-07-08 16:57:16,neutral,negative,False,True,0.6317,0.5429
google_play,zomato,7e08457d-62cc-45a6-950f-76cad311137d,At first 2 -3 years it was excellent i used it a lot. Ans now also it provides a lot more offers promo code but the MAIN thing is DELIVERY every delivery i am getting from last 4-5 months is getting too late sometimes it tells 45 min and food is arriving in 1hour 15 min. This really needs to be taken care of if they don't want to get rid of their customers.,delivery,pre_2024,negative,2,2022-08-15 11:46:40,neutral,negative,False,True,0.7664,0.5414
google_play,zomato,35333190-bb86-42d6-86af-eca03b8cac5e,Average review ratings don't reflect the reviews . restaurants that could be scoring 4+ would show up as 3+ since Zomato doesn't update or calculate ratings based on mean calculations. There is no map view like in earlier app version to visually figure out from maps which restaurants are nearby the current location. New arrival option in delivery has disappeared. it was useful for people wanting to experiment. It was easier to view collections in early versions compared to current UI.,delivery,pre_2024,negative,2,2020-02-22 20:02:30,neutral,negative,False,True,0.7512,0.5401
google_play,zomato,7d9a2d77-d220-46ae-b74d-bbd758447a05,"If it ain't broke don't fix it. Please reverse all the changes just made so that the bookmarks icon shortcut is in the top right and that bookmarks can be filtered as they were. The search options were good as they were and now it's much harder to customize, why? Also, please bring back half star ratings!",trust_reviews,pre_2024,positive,4,2019-09-06 11:21:01,negative,positive,False,True,0.4955,0.5389
google_play,zomato,792d1800-6424-4ae6-93bc-b4468e082101,"Food Item description is more important, but most of the restaurants not mentioning the item details, They are setting high rates and sending a low quantity food.. there should be a pic of every item and delivered item should be as same as shown in pic. If the food item is not good there should be a cancellation process and returning of money.. ""Money won't come easily for Everyone.""",refund_cancellation,pre_2024,negative,2,2019-06-23 17:17:49,neutral,negative,False,True,0.4738,0.5387
google_play,zomato,2818b006-1c4e-4b2c-ac11-b5fcac84b592,I dont know zomato have some grudges in my area or what everytime I order food I got furious looking at food like i order something else and get something else. Its high time i will never use this app and will never suggest any one. Zomato chat sucks,app_experience,pre_2024,positive,5,2023-02-09 19:21:55,negative,positive,False,True,0.8198,0.5373
google_play,zomato,ad729c04-ff3e-4a25-b0d7-c46e8b4d406b,"(Update) customer support is worst nowadays. I really appreciate the app development, the system of live tracking by delivery person & customer service. Most important thing was really happy with offers & discounts on food in the beginning, so I decided to be as ""Gold Member"", bt slowly it turns out to be bad choice & made me think it's wrong turn being "" Gold Member"", also now days I can't find any offers & discounts, while compared others providing good offers. (Update) : better stop using...",delivery,2024_plus,negative,1,2024-10-13 12:20:49,positive,negative,False,True,0.6939,0.5353
google_play,zomato,e931b277-1e70-4a2a-803e-f90ab9f34106,"sometimes it takes more than ETA. and clubbing multiple orders is irritation, that makes me annoyed. too many UI options not for beginners. there should be some zomato lite.",other,2024_plus,positive,4,2026-01-19 15:16:10,neutral,positive,False,True,0.6716,0.5348
google_play,zomato,67108fdd-fb99-4d72-9437-d83f95c8ff3f,"Offers, restaurant options and the application itself are good. But to bring out the ugly truth, the customer service representatives are really stupid. There wasn't a single time where my queries were resolved attentively and responsibly. The delivery guys do not know to read map not to mention their 5 minutes is equivalent to our 20 minutes. A word of advice: don't compromise on the services as that can be the one thing which will bring you guys down",delivery,pre_2024,negative,2,2019-03-08 00:39:52,positive,negative,False,True,0.4761,0.5343
google_play,zomato,9c639bfc-ac6a-4277-9b8b-63bf0dab9b7e,1 star less cuz delivery fee is still applied after gold and very less coupons,delivery,2024_plus,positive,4,2026-02-25 18:12:47,negative,positive,False,True,0.5831,0.5313
google_play,zomato,87626edf-bf49-4b83-9dfa-00ac232ca697,The ontime delivery or refund campaign is such a scam.. its not that im looking for free food.. but the way you are executing it is nothing but a scam.. user has to claim to avail it and that too within 1 day!!. Why doesn't it get claimed automatically and coupons present in our profile.. thank god we have lot of more honest options in market..good bye,refund_cancellation,pre_2024,negative,1,2022-02-24 19:49:33,neutral,negative,False,True,0.4723,0.5312
google_play,zomato,00cf337f-9f94-4c3c-9d91-bf91c09ac02e,worst food delivery app i have tolerated this application for 2 years. they crossed all the line with their 3rd rated restaurant with 5 Star ratings,delivery,2024_plus,negative,1,2026-03-18 04:15:25,positive,negative,False,True,0.5172,0.5304
google_play,zomato,330cc493-a86a-4cd6-ad44-99ef6de38bf6,"Inflated food ordering costs. The restaurant charges 25-30% extra on food items minimum, goes up to 50. They charge a hefty delivery fee, then they want you to tip the delivery guy too. This is how you are spending so much more under the guise of technology.",delivery,pre_2024,negative,1,2022-09-19 21:06:26,neutral,negative,False,True,0.6612,0.5295
google_play,zomato,5a0771f0-c12d-4652-b4ab-83c74bd82aad,Good but some time doesn't solve problems. Prices are higher than restaurants but provide coupons sometime which makes it almost the same price as the restaurant. Then delivery is good and convenient,delivery,2024_plus,positive,4,2025-12-10 18:15:19,neutral,positive,False,True,0.8334,0.5291
google_play,zomato,85b7e321-ea53-4930-a0bf-4afe1bf35df3,The customer support for the zomato is good for nothing. I have been trying to reach out for last 15 minutes and haven't heard from them. This is the 3rd time that zomato does not provide assistance in getting details for delivery or any issue resolution.,delivery,pre_2024,negative,1,2019-08-04 00:05:55,neutral,negative,False,True,0.4185,0.5285
google_play,zomato,6d923693-a002-4fc6-8662-59d263e7b9f2,"Doesn't refund on food that was picked by the delivery boy but canceled. Not even 20% of the total amount is refunded for foods like biryani (that are produced in mass). If such food is untouched, there must be refund as canceled orders are eighter way sold as ""there is a canceled order, get it for ..."". However, there are some good offers at times.",refund_cancellation,2024_plus,negative,2,2025-04-10 19:27:47,positive,negative,False,True,0.3876,0.5284
google_play,zomato,044b63ec-5605-4c74-90cd-3f15b3c2f46a,Order confirmation times should be extended to a minimum of 3 minutes since somany customers place orders and need to make any modifications to those ordersand the existing time allows for very little time for that. The only choice left after pondering for 60 seconds is to cancel the order. Please make these modifications.,refund_cancellation,pre_2024,negative,2,2023-09-23 15:25:38,positive,negative,False,True,0.5905,0.5281
google_play,zomato,08afd9c2-3786-4deb-8f2e-69ae1c1d0ec3,booked with eatclub and it has taken more than 2 hrs and food is not delivered yet order from zomato and it came within 30 mins. truly a brand.,delivery,2024_plus,positive,5,2025-10-07 22:09:51,negative,positive,False,True,0.6561,0.5278
google_play,zomato,80060bc3-ff19-4f72-b3e1-acdc45375950,"I dont why but the delivery is very slow.. I waited nearly 1 and a half hour but no sign. The app too has some problem, I couldn't live track.",delivery,pre_2024,positive,5,2023-09-15 11:28:25,neutral,positive,False,True,0.3731,0.5271
google_play,zomato,fb120891-7ec8-49c5-a4a7-55a250b4a10c,I was able to find restaurants that were not listed on other delivery apps. Well done !!!,delivery,pre_2024,positive,5,2020-09-08 16:11:07,negative,positive,False,True,0.4445,0.5262
google_play,zomato,c261560d-7d1e-4c07-85cf-164c4a664541,"The services provided by Zomato are outstanding, I never came across late experiences and late deliveries. As soon as I place order my stuff starts packing and just delivered within the minimum time.",delivery,pre_2024,positive,5,2022-03-13 17:34:17,negative,positive,False,True,0.735,0.5261
google_play,zomato,4631ccd3-f9b1-4597-8084-3f32c3c04a81,I am not liking this updated version of zomato where I can't see reviews(picture) on the food items.,trust_reviews,2024_plus,positive,4,2025-12-01 13:08:27,negative,positive,False,True,0.4273,0.5253
google_play,zomato,9d658c8c-1e1c-463f-85f1-c373ce8ca94d,"I request you guys prefer other food delivery apps , in ads they highlight speed delivery and half price likewise nothing in it .I ordered from a hotel which is less than 1 km away from my house these app took 40 to 50 mins to deliver the items for 1 Schezwan dosa and 1 idli . Somewhat customer care is good. But Zomato tests your patience literally.",delivery,pre_2024,negative,1,2022-08-01 15:14:36,neutral,negative,False,True,0.4251,0.5252
google_play,zomato,b26af838-fdf2-41ef-ac2d-1ed04172b4bf,"The offers are not so bad, but the delivery charges are quite high, sometimes higher than the cost of the food item...",delivery,pre_2024,positive,5,2022-09-27 21:11:26,neutral,positive,False,True,0.9167,0.525
google_play,zomato,3186fc19-293b-458f-88d3-5bdcd323b74a,"When I made online payment its fine, but sometimes I had to ordered food on Cash on delivery then all the time they denied to give change said they haven't change. It is difficult to arrange exact money all the time. Zomato should keep working on it. It become difficult for customer",delivery,pre_2024,negative,1,2022-04-28 18:21:53,neutral,negative,False,True,0.6613,0.524
google_play,zomato,5b172b9c-2d13-4c35-82f0-5dcaeaf42c71,"just work on the packaging charges byvthe restaurant, the platform fees and the price point of the items which makes the overall order value very high. Rest all is good",pricing_fees,2024_plus,positive,4,2025-12-07 19:59:07,neutral,positive,False,True,0.9505,0.5236
google_play,zomato,c7e72420-886f-4088-a8ce-98b49ec4261b,"Zomato works effectively and has very good service. The thing is that it uses higher price in its menu of the same restaurant when you go offline and buy then that price is lower than shown in Zomato and Definitely not the Delivery tax and GST, talking only about price.",delivery,pre_2024,positive,4,2022-11-09 23:49:23,negative,positive,False,True,0.5143,0.523
google_play,zomato,8ffe7629-68dd-4518-880e-e96bb0b4c8d3,"Inspite of being a regular customer as my dinner is always delivered by Zomato, the app never goes online the moment i open the app. I have to restart the app more than dozens of times to get the desired restaurant to order my food. Its high time you get the services perfect at Sambalpur, Odisha.",delivery,pre_2024,negative,1,2019-05-08 20:27:02,positive,negative,False,True,0.6199,0.522
google_play,zomato,b9466212-ad34-437f-a526-e788a41b3f96,"Pathetic app everything is extraordinary costly, this & that charges are worst. even with gold you can't get enough discount. Ignore this food app.",pricing_fees,2024_plus,negative,1,2026-03-08 00:24:18,positive,negative,False,True,0.5974,0.522
google_play,zomato,53af4700-ba68-4e59-b319-1cabbfb475a4,Application is good but live tracking is not working properly. when the delivery partner is at my home f9r the delivery but app shows they are still at restaurant location.,delivery,pre_2024,positive,5,2019-02-03 21:56:51,neutral,positive,False,True,0.5076,0.5218
google_play,zomato,ca671d66-b16e-480e-b2b1-86214e03cfb4,"Nice and most of all deliver on time, sometimes we facing issue with deliver boy communication only. You can update your track features to track delivery boy. And sometimes maps takes wrong location from one loctation to another location distance is 1.5Km so this is too much. fix it please.",delivery,pre_2024,positive,4,2021-08-11 15:25:18,neutral,positive,False,True,0.5105,0.5217
google_play,zomato,3e5b590d-1921-4ecd-9151-4adf7cd9f095,I ordered a Thick shake and they delivered it on time.. But while looking for change (as selected payment method is cod) The shake Spilled on floor by mistake and The delivery person gave me refund and Said sorry.. Am So pleased by your humbleness.. ThanQ.. Good luck!,refund_cancellation,2024_plus,positive,5,2024-10-25 17:29:33,negative,positive,False,True,0.5091,0.521
google_play,zomato,f694149c-342b-40d0-9e93-b35dfd1af75c,Delivery is not a issue they doing there job perfect but offen im facing the price relation issue. The price of some food is really damn high when compared to buying the same food direct from the same restaurant and some times the quantity also get differ this is too bad.,delivery,pre_2024,negative,2,2021-06-29 13:10:29,neutral,negative,False,True,0.5081,0.5199
google_play,zomato,25916fae-5ff6-4542-9f38-f3a08d965a1f,there should be a option before ordering of the food.... like an option to confirm your order or something like that..... bcoz sometimes... we mistakenly click on the order button.... and you guys then dont refund the money on cancellation within seconds of the order placed,refund_cancellation,pre_2024,negative,1,2019-05-26 13:19:09,neutral,negative,False,True,0.3998,0.5195
google_play,zomato,84380404-f2eb-4c81-85f7-edda8793e763,"Always choose food from resturants/ dinings / hotels etc , above 3.5 star rating ... What's bad is they show us offers like 100₹ off & then take delivey charge & tax nearly equals to 100₹ which is really disappointing.",pricing_fees,pre_2024,positive,5,2021-09-12 15:12:21,negative,positive,False,True,0.6594,0.5194
google_play,zomato,560b4fa6-e089-4c85-9368-2e8e49648743,Because of online trap in Buy one get one free offer. Very bad feature which customer will understand only when he doesnt get the free item. Prices are already inflated in such offers so customer pays more and gets less.,pricing_fees,pre_2024,negative,1,2021-10-21 17:53:08,neutral,negative,False,True,0.4461,0.5189
google_play,zomato,94ab9f00-dff4-463a-aa97-f497f813d0e3,If there was an option for negative I would have given that... I was using Zomato... But swiggy has better deals now... I've paid for 6 free delivery but whenever I try to order never free delivery option is available... Earlier it was a nice app with better deals now it's just a scam soo i would not prefer it anyday now!!!,delivery,2024_plus,negative,1,2024-02-09 13:33:37,positive,negative,False,True,0.4639,0.5184
google_play,zomato,a2007281-0d9e-42da-89c4-d91340bcb115,"Stop clubbing orders , very late delivery. Cold food , unacceptable. Messed up delivery, how can two orders be at two different sides of city. Very late delivery when guest had come and food became cold. Highly unacceptable.",delivery,pre_2024,positive,5,2023-07-01 20:19:39,negative,positive,False,True,0.785,0.5174
google_play,zomato,cc18fbeb-30da-4f7a-90d0-0fc3e49083b5,Giving it 1 star cos I can't give 0. It is good for checking resturants out but absolutely unreliable to place orders on. They have no communication skills and their customer service is the worst I have come across so far.,other,pre_2024,negative,1,2018-10-11 20:32:22,positive,negative,False,True,0.7373,0.5167
google_play,zomato,4bbe7f3d-c335-41e2-9aa1-1c95729b4aab,"Restaurant prices are way lower than prices listed on Zomato... I used to love ordering in but now I refrain as everything is overpriced. Unlike Swiggy, if restaurant sends wrong item, they do not refund.",refund_cancellation,2024_plus,positive,5,2024-08-03 16:08:19,negative,positive,False,True,0.5685,0.5167
google_play,zomato,992572e9-c558-4f7f-ba7b-fbfe34adde9d,"The food ordering on zomato is cool. they deliver on given time, the rider is good but the customer support is pathetic, not solve the customer issue with food quality or bad food. Not Happy",delivery,pre_2024,positive,5,2018-12-27 10:17:22,negative,positive,False,True,0.4763,0.5151
google_play,zomato,64effb24-34fb-4c78-82d4-d139367afe27,"Easy to order food except it's quite costly with the charges of platform fees, delivery charges and other charges.. I understand it's a business and service to be paid but for ordering 200 food and paying 60 extra for other zomato charges is too much and yet it's projected that the company is running under loss and can't understand why though... Anyway.. App is good for services but again, charges to be thought off and better of reduced.",delivery,2024_plus,positive,4,2025-03-11 15:19:09,neutral,positive,False,True,0.5782,0.5143
google_play,zomato,ad7007eb-3513-4924-9547-cd2839172095,"Well I was in train and very hungry, and wanted to eat quality food which is hard to find especially when you are travelling through a train. Here comes the platforms likr railofy, irctc, Zomato etc which can help us to order from the other restaurants and deliver at our convenient seat inside the train. So I was scrolling every website but couldn't find a good restaurant, . And here comes zomato where I was able to see multiple restaurant and dishes connected with almost all restaurants.",customer_support,2024_plus,positive,5,2025-02-12 19:43:43,neutral,positive,False,True,0.5403,0.5142
google_play,zomato,b5c509a6-db43-4099-971a-12d9d6d33640,No COD after a single canceled order. What about others which I prepaid.? And the rates are higher than the actual price at hotels (excluding the then extra delivery charges and taxes). Zomato is just making too extra bucks out of our pockets.,delivery,pre_2024,negative,1,2022-11-13 19:47:01,neutral,negative,False,True,0.5408,0.5136
google_play,zomato,820e65f3-6cca-4288-bc74-f731828b4959,So I was thinking about the offers given by the restaurants and throughout my research I found that restaurants are providing the same meal very high cost and then giving the offers which ultimately results into the cost which they want and in fact it's too higher than what you can have at restaurant. Ultimately they are fooling and betraying their customers.,other,pre_2024,negative,1,2021-06-23 17:30:43,neutral,negative,False,True,0.6252,0.5125
google_play,zomato,837d7952-531d-4f68-ab74-1275f921e47f,"While everything is generally fine, I've encountered an issue with cash on delivery orders.. The delivery person often don't have change, which causes inconvenience. This is a common problem for those of us who prefer or need to use cash and don't have online payment options😮‍💨",delivery,2024_plus,positive,4,2025-10-05 17:39:35,neutral,positive,False,True,0.6252,0.512
google_play,zomato,9b59ab47-022c-46f6-8408-84a11db9c399,"I am giving a rating for the iOS app which is super awesome. I am also using this on Android, I'd say the previous version was prettier and this new update feels like I have switched to safe mode in windows. It's simpler but not so pretty. Things look zoomed in and more spacious. Anyway, your delivery is excellent regardless of how bad the food can be sometimes.",delivery,pre_2024,positive,5,2019-09-11 20:04:54,neutral,positive,False,True,0.5031,0.5113
google_play,zomato,b516b5e0-54ec-4b53-9880-8338d73931c4,"Had I purchased items myself, the shop would not have refunded for stale and spoilt items. But with Zomato I feel atleast I dont pay for the expired food the restaurant sends without inspecting.",refund_cancellation,pre_2024,positive,5,2022-05-12 23:53:26,negative,positive,False,True,0.5677,0.5096
google_play,zomato,7618c5a6-e7b5-48b3-b643-179b4f76346b,The service is excellent. Except some restaurent dont take order on cash on delivery system. And theres no system to pay cash on delivery over the amount of 300.,delivery,pre_2024,positive,5,2022-11-10 14:24:02,neutral,positive,False,True,0.4247,0.5089
google_play,zomato,0efc0a15-67ab-48cd-a63b-9c278fcfefc8,It's Gud.... And Offer on zomota are real.. Not Fake like swigy which shows offer but when u going to order its shows coupon or offer not valid..,pricing_fees,pre_2024,positive,5,2019-04-27 09:53:58,negative,positive,False,True,0.4281,0.5086
google_play,zomato,385b7287-1d45-48ff-bba7-0724c1e8786e,But so late delivery you should be fast,delivery,2024_plus,positive,5,2026-03-11 03:53:42,neutral,positive,False,True,0.7248,0.5072
google_play,zomato,3c352d38-5cde-4c8d-9282-b6f6203eab62,"Great experience with Zomato, but sometimes the price varies from the store, I understand it is because they need to give discount but if they keep the price genuine then the customer trust will increase on them as per my opinion.",pricing_fees,2024_plus,positive,4,2025-10-12 12:46:24,neutral,positive,False,True,0.5412,0.5072
google_play,zomato,0b35919e-b20c-4d93-8d38-645798ae4516,The app is great so does the offers. Apart from the unnecessary on demand charges even for those restaurants from where hardly anyone orders. Your delivery people are nice and on time most of the time. Stop putting unnecessary charges in the name of high on demand.,delivery,pre_2024,positive,5,2021-09-28 20:53:34,neutral,positive,False,True,0.4859,0.5059
google_play,zomato,571716a6-887f-40be-8dc7-4dacbb006a08,I didn't know reviews would be posted publicly. I have mentioned my personal information in the review and now there's no option to delete it.,trust_reviews,2024_plus,negative,1,2026-03-29 10:46:55,neutral,negative,False,True,0.4579,0.5057
google_play,zomato,d950065b-dc18-4848-a239-c752b7316553,My order was of 313 but when i paid Zomato took 375 from my bank. What kind of Professionalism is this..? This was my experience few years ago But now Zomato has come long way. I have always got smooth experience ordering food from them.,other,2024_plus,positive,5,2024-03-18 13:45:15,negative,positive,False,True,0.6919,0.5051
google_play,zomato,0d4fcc75-3e12-4fdd-b277-79952a9dfd9a,"When the Zomato is different and Uber eats is different platform untill everything is alright but when the zomato purchase Uber eats then there is problem occuring in food quantity , food quality,food delivering System. Everything seems goes wrong you must improve this issue otherwise I will uninstall the app and gave you also bad feedback. Please resolve this issue as soon as possible,Uber eats was very good Food delivering app but if you purchase the Uber eats then you must have to maintain.",food_quality,pre_2024,negative,1,2020-01-24 16:12:30,neutral,negative,False,True,0.4065,0.5049
google_play,zomato,dd534338-e76a-4a30-a48b-d804960f8084,"Very slow customer service and untrained representatives. I was never satisfied by the service provided by zomato, but sometimes i have to order from it just because the restaurant is not yet available on other apps.",app_experience,pre_2024,negative,1,2020-12-31 00:55:01,positive,negative,False,True,0.7235,0.5047
google_play,zomato,23e7073e-e61d-4efe-bd9d-a1071dc531bd,App is not concerned about the customers time. At initial point they r giving time of arrival of food within 16 minutes and then they update the status tht order has been delayed for 33 minutes. I think Zomato is taking their advantage of brand only and not value the time. Fast delivery is just misleading concept eventhough u r paying extra payment for delivery charges and all taxes..,delivery,pre_2024,negative,1,2022-10-18 13:58:18,neutral,negative,False,True,0.5947,0.5031
google_play,zomato,92176adc-2624-421a-b8bc-1cdbce6f4ced,"I wanted to order from Merwans and there is no scope of the delivery to my place even if the distance shown was approx 2kms. Ridiculous. Secondly zomato charges much more than the mentioned price, excluding the gst and the delivery charges which spikes the mentioned rate, also the expectations are to tip the delivery guys. For a product of around 250 I end up paying approx 100 more. although the app is good but all these other factors is burdensome.",delivery,pre_2024,negative,1,2021-02-27 13:04:57,neutral,negative,False,True,0.8139,0.503
google_play,zomato,1d77517b-88d3-4b8e-9160-1d437f927a0d,Downgrading the rating as the terms and conditions of Zomato Gold was changed after I bought the membership. It's a very lame thing to do. I feel that the folks managing it have become arrogant and I don't like arrogant people,trust_reviews,2024_plus,positive,5,2025-12-08 11:55:48,negative,positive,False,True,0.6023,0.5015
google_play,zomato,1a0430bb-05fc-46d8-83b6-b2924481c92a,delivery charges n restaurant charges are always very high food ordering become expenses so we are disappointed also every time packaging charges also shld be removed .,delivery,2024_plus,positive,4,2026-03-28 21:37:41,neutral,positive,False,True,0.4422,0.5015
google_play,zomato,c7695da2-c5d5-47be-a900-b69fdf1b1e94,I was ordering from zomato since 3 months now i am facing problem like I am unable to order in cod option is is showing Cash on Delivery is not available at the moment. pls help me with this problem,delivery,2024_plus,negative,2,2026-02-16 13:08:13,positive,negative,False,True,0.6515,0.5014
google_play,zomato,678ef7f8-3b2e-4d57-b1ed-e7b89c3d2562,"Have some issues with my delivery locations, the home address does not get picked up. Otherwise app is well-developed and features are pretty complete. Perhaps, given that online food delivery is common in almost every household these days, only GPS tagged locations, other than address for delivery would be better in future.",delivery,pre_2024,positive,4,2020-06-06 20:41:46,neutral,positive,False,True,0.5193,0.5011
google_play,zomato,a120b711-93d1-4b4a-891e-fbce2d038bb5,If possible i would have given it less than 1 stars. The app has lost its purpose. They DELIBERATELY INCREASE THE DISTANCE BETWEEN THE RESTURANTS AND INFLATE THE PRICES. i have been a gold member for almost a year now but best assure I am not renewing it because it serves no purpose and it lost the competitive edge when it reduced its free delivery from 10km to 7km. I am actively seeking alternatives to Zomato now. Very Poor,delivery,2024_plus,negative,1,2025-01-18 06:05:57,neutral,negative,False,True,0.5069,0.4997
google_play,zomato,5f459ded-039a-4cb0-aa61-457f1b74b74d,Distance between restaurant and delivery location is more than the actual distance. This is increasing the delivery cost and the overall bill. Pl look into it.,delivery,2024_plus,positive,4,2025-12-09 19:57:26,neutral,positive,False,True,0.4039,0.4993
google_play,zomato,232336b6-38a0-4b53-aafc-80d06bb8c373,you are appointing delivery partner very late please try to solve that problem,delivery,2024_plus,positive,4,2026-03-15 12:26:49,negative,positive,False,True,0.5413,0.499
google_play,zomato,5e5e864f-e326-480f-996d-d18ba83fccf8,"Zomato usually has two different types of ratings available, which are the delivery ratings and the restaurant ratings. The former is based on how quickly the food was delivered, how well the delivery agent behaved, and if they were following the safety protocols.",delivery,pre_2024,positive,5,2023-09-05 17:53:19,negative,positive,False,True,0.4971,0.4961
google_play,zomato,caa6e423-3f89-4ca7-bb26-6dd3cfee3d7b,The addon charges for many restraunts are way more than when directly ordering from the restaurant. And I see Zomato doing this with more and more restaurant that they have tie ups with. Kind of beats the cost saving perspective of using the app.,pricing_fees,2024_plus,positive,5,2024-04-16 15:32:05,negative,positive,False,True,0.5369,0.4958
google_play,zomato,9697de57-bfd8-44e0-8cd9-340ec13961c4,"Very difficult to contact restaurant when I ordered, I wanted to give some instructions but it's very confusing, I tried on leave instructions or call restaurant but I couldn't reached, very very confusing .",other,pre_2024,positive,5,2021-08-19 13:09:55,neutral,positive,False,True,0.4909,0.4956
google_play,zomato,0b18d1d6-9c1e-4d91-888b-9d9dc96fdcba,"Their features on the app like tipping delivery guys, providing his complete profile which sometimes includes back stories, showing that they are not penalised for late deliveries, really shows that they care about their delivery execs.",delivery,pre_2024,positive,5,2020-02-12 11:46:03,neutral,positive,False,True,0.6609,0.4953
google_play,zomato,4cc52bb3-fb95-40f3-90bb-4d1f6205fe6b,Take a lot of time in delivery and the delivery boy they're quite rude asking about the route where we stay. They don't know the route and starts argument without asking it being in patience with us .. I am just not satisfied with the delivery most of the time. There's nothing that wrong with apps btw it's good overall..,delivery,pre_2024,negative,2,2022-01-15 15:54:25,positive,negative,False,True,0.4669,0.4942
google_play,zomato,6dabf9e9-b7d0-4d76-bda0-835a1a9a4b27,"A good food review is about helping other people find the restaurant, not just a platform to tell everyone your likes and dislikes. For example, if you go to a restaurant with retro art on the walls and rollerskating dancers, it is not fair to judge the restaurant for specializing in burgers and fries instead of oysters.",trust_reviews,pre_2024,positive,5,2023-09-28 22:52:56,neutral,positive,False,True,0.526,0.4939
google_play,zomato,26fa8c41-e798-46f6-be5a-75d230a33177,"A year before :- If something goes wrong with the food, no immediate action or no action is taken at all. Now:- The app has become responsible enough and has also improved their facility in sorting out any food issues.",app_experience,pre_2024,positive,4,2019-02-21 20:55:48,negative,positive,False,True,0.5107,0.4936
google_play,zomato,2197ba5c-e00f-4cb6-ab8c-546dd7140c87,"The rate of every product from almost all the hotels are listed with an average amount of ₹30 extra(excluding tax, delivery & parcel Charges) than the actual rate if you buy it in person from the hotel. Extraa per order is okay but per product is scam! Lost my trust! 💩",delivery,pre_2024,negative,1,2022-08-08 17:20:36,neutral,negative,False,True,0.8939,0.4922
google_play,zomato,6334c5c2-c6d5-4259-8844-b4b156eb2405,"Good Service.. sometimes some restaurants missing to delever some items with order. Just zometo need to take some action on particular restaurants who make bad image of zometo, as they not give cutlery. Even we said. Other things seems okay.",other,pre_2024,positive,5,2023-11-06 22:06:15,neutral,positive,False,True,0.5371,0.4921
google_play,zomato,60815173-a60a-48a9-9a72-d20b937e7fe2,"Doesn't fraud through misleading offers, making the customer pay more at the end.",trust_reviews,2024_plus,positive,5,2026-01-27 20:37:01,negative,positive,False,True,0.4983,0.4918
google_play,zomato,a133296e-842a-4563-bfc5-46df22378533,Why you don't have any filter for choosing only Nonveg Restaurant ? If I want to order something nonveg than I have painfully go through all of the other restaurants to find the non vegetarians. If you have a filter for showing only veg options than you must have a filter for only non veg options also.,other,pre_2024,negative,2,2019-09-15 21:32:33,positive,negative,False,True,0.4704,0.4913
google_play,zomato,0777b2da-a88f-4e16-a5f5-773be9aaa3c8,nice but some time the charges are too high,pricing_fees,2024_plus,positive,4,2026-02-24 19:32:27,neutral,positive,False,True,0.5542,0.49
google_play,zomato,8b971074-5053-421c-88d1-767017709ee8,the app is good. just needs more tweak on which restaurants are not taking orders during currently not accepting orders instead of being them closed. and even show all the other menu the restaurant gives even if it is not being sold at that moment so that we can see the full menu in all restaurants. rating the food per dish or even reviewing per dish could be good to know like descrpitive one maybe available only to certain rank holders kind of to make it less messy.,trust_reviews,pre_2024,positive,5,2023-06-15 21:45:19,negative,positive,False,True,0.5158,0.4892
google_play,zomato,4bef0cc5-6901-488a-bc13-05574bb9f8ae,Should match up the price with restaurant same dish is twice the price on app than in restaurant. and OTP should be provided for orders paid online,pricing_fees,2024_plus,positive,4,2025-10-12 19:45:42,negative,positive,False,True,0.6559,0.4858
google_play,zomato,39786555-5b2a-41b1-89b5-9f44ed7b6503,Zomato automatically cancels night orders and no one even calls the delivery boy.,delivery,2024_plus,positive,5,2025-12-31 22:54:06,negative,positive,False,True,0.6262,0.4849
google_play,zomato,7d14ef32-f7d0-49bd-9375-094d44b306a4,"we just analysed support given by Zomato and Swiggy...You will not get support from Swiggy. If we raise issues, Zomato will tell we have only option to rate but in Swiggy for half cooked, unhealthy food, etc Swiggy will support you... I have updated Zomato rating from 5 to just 1",customer_support,2024_plus,negative,1,2025-11-21 22:17:56,positive,negative,False,True,0.5553,0.4843
google_play,zomato,580ed9a8-db72-4eeb-9e61-ea44f50e2380,"Its actaully a good experience to have zomato, but the taces and surges which they use to imply is way more than it should be. We are using your app, so any how you are earning something. So what is a need of this much of tax amount. Some times i use to order a food which cost approx 200rs, but after imposing tax, it went to approx 300-330. And also additional delivery charges have to pay. So yes, its bit a dissapointing.",delivery,pre_2024,negative,2,2022-07-26 15:53:06,positive,negative,False,True,0.4835,0.4841
google_play,zomato,9f4fd53d-ec07-4737-8556-3522de4740b4,"Not happy with the service,after long wait did not get my delivery.",delivery,2024_plus,negative,1,2026-01-14 12:33:20,positive,negative,False,True,0.5526,0.484
google_play,zomato,be8baef4-ff50-4dea-896c-958cd2c4dcd9,"Forced to give feedback, what feedback they are expecting. They are not cooking, they only serve from hotel to home with highest possible service charge( ofcourse business to do). Any complaints on food etc will be routed to hotelier. You have good software built to view the food, order and track.",pricing_fees,2024_plus,positive,5,2024-12-24 13:12:02,negative,positive,False,True,0.5931,0.4829
google_play,zomato,1dcf8f3a-2348-4051-9284-b3daf5439b85,Everything is fine until the delivery charges... I've been a gold member since one year but I didn't get any extra discount. The charges are same for all.,delivery,2024_plus,positive,5,2024-09-14 21:09:54,neutral,positive,False,True,0.6082,0.4815
google_play,zomato,27f94bdb-f176-4276-9d58-95bd2f55b6b5,"Zomato has become very disappointing recently. Earlier, Zomato Gold offered free delivery up to 7 KM and I regularly ordered from the same restaurants at the same address. Now suddenly the app shows increased distance and adds delivery charges even though nothing has changed from my side. How does the distance increase without moving locations? It feels like Gold benefits are being reduced without transparency. Very frustrating experience for loyal users.",delivery,2024_plus,negative,2,2026-02-28 19:57:16,neutral,negative,False,True,0.6212,0.4803
google_play,zomato,58585652-0a3f-4504-b6ba-ae692308002e,The new 7km free delivery has affected a lot ..Most of the restaurants are at 8 kms from my home.The 10 kms system was fine. I don't mind paying more for gold ...but now it's just useless.,delivery,2024_plus,positive,5,2024-09-13 14:08:19,neutral,positive,False,True,0.7984,0.4801
google_play,zomato,94448377-89ea-4844-a46f-b10ae7a9df82,"never ever delivered one order at the correct time.. charges extra for membership and also for fast delivery still unable to deliver one order at a time , in app it's showing wrong status most of the time... Stop wasting our time .. thank you for your awesome delivery system.. it's fascinating to order from Zomato.. you are always in curiosity if your order really is going to deliver or not 🫂",delivery,2024_plus,negative,1,2025-11-19 22:51:05,positive,negative,False,True,0.5084,0.4795
google_play,zomato,258031d8-f8a6-4d97-a910-18256dc3ef65,The delivery experience is pathetic. Can never connect to customer service. Always takes longer than it says. Overall I guess its just a matter of tims before something better comes along.,delivery,pre_2024,positive,5,2019-08-25 21:02:58,negative,positive,False,True,0.5304,0.4786
google_play,zomato,cbc6886b-642a-4c0b-8d7c-f01652152744,Have been a gold member since more than one and a half year.... although I don't go out much but when I do and if it turns out to be a gold restaurant then I'm even more happy cause I get 1 + 1 on food or 2 + 2 on drinks!!,app_experience,pre_2024,positive,5,2019-05-29 20:34:08,neutral,positive,False,True,0.3855,0.4768
google_play,zomato,128e9f04-9179-4f41-b547-ff950ce2e85c,"I have been using Zomato app since inception , recently bought Zomato pro, but it's not worth it,there are no offers visible as they claim for pro members . There very few restaurants that offer discounts for pro members. So who should buy pro membership ? Those who are often eating from outside like 5days a week may go pro ,but those eating from outside maybe once in a week or twice a week, shouldn't opt for pro. The offers available on very few restaurants and not on all .",pricing_fees,pre_2024,positive,5,2021-05-10 21:32:04,negative,positive,False,True,0.4198,0.4766
google_play,zomato,56db5ba4-8a5c-4117-86af-b56d949594de,"It was much better earlier but now it is having a problem , when I choose to cash on delivery it shows that it's not available . But it's happening with me only , And not others in my area.",delivery,pre_2024,positive,5,2022-12-16 14:05:50,neutral,positive,False,True,0.5003,0.4761
google_play,zomato,1a84e16d-a677-4b68-8e7b-3fcae53a9421,it's true that zomato delivers food in good condition...but the prices are high...once i ordered from pizza hut.. zomato's prices are 20-40 rs higher than the actual prices( piza hut personal app)even they take charges for packaging...when we do a takeaways from direct food shop...they don't charge for packaging....,pricing_fees,2024_plus,negative,2,2026-01-22 21:45:55,neutral,negative,False,True,0.4565,0.476
google_play,zomato,ea2d319e-5b84-4535-9c29-3ded6803b7a5,"The customer care is really lousy. The app is extremely faulty and sometimes, the order wouldn't even be directed to a restaurant despite it telling you so. And what else can I say, except for the fact that I'm just disappointed.",customer_support,pre_2024,negative,1,2019-07-09 16:03:43,positive,negative,False,True,0.4021,0.4744
google_play,zomato,52125099-2036-4cd8-a963-2d39d23af846,order delayed problem any time,delivery,2024_plus,negative,1,2026-03-29 14:31:40,positive,negative,False,True,0.6822,0.4741
google_play,zomato,6eb17a15-ad6a-4456-8ced-d1c7a62b20f4,Delivery is good ..but u have unnecessarily added extra rupees as a platform fee...which was not there earlier...cahrging unnecessary from the customers....,delivery,2024_plus,positive,5,2024-08-11 15:48:55,neutral,positive,False,True,0.8665,0.4736
google_play,zomato,85164735-6108-469d-92a5-497ea9e5bbd8,"in this app they give double the rate to food. when compared to the hotel rate it's too much.. this stupids charges delivery person fees, platform fees,gst and double the rate of the meal... what a ...... bunch of clowns",delivery,2024_plus,negative,1,2025-10-14 04:01:25,neutral,negative,False,True,0.6887,0.4725
google_play,zomato,f1673424-d702-46c6-861b-4efc854fa7e2,Makes food purchasing slightly better in terms of cost and far (a lot) better in terms of delivery time if you are far away from the restaurant. But if someone is near a restaurant it's profitable to purchase directly from restaurant.,delivery,pre_2024,positive,5,2023-07-08 21:33:46,negative,positive,False,True,0.4129,0.469
google_play,zomato,17b2c940-edc2-4c22-8653-a58da04d0b51,Good! Packing charges and other charges must be totally eliminated.,pricing_fees,2024_plus,positive,4,2026-02-13 23:43:48,neutral,positive,False,True,0.5221,0.4672
google_play,zomato,92217d89-4c87-47c9-8100-ffda78faf377,"With Zomata, we have faster deliveries (than Swiggy) , but there are no good offers and the cost is high. For example, the same food items from the same restaurant would be costlier in Zomato than in Swiggy. Could improve on that.",competitor_comparison,pre_2024,positive,4,2020-08-09 13:58:51,neutral,positive,False,True,0.7147,0.4665
google_play,zomato,c7a5a499-d7b6-46cf-8b9a-86843b93e56a,"Everything is a cheat! And also ppl do not respond for ur complaints. When u r booking an order, some offer will be applicable. But at the time of delivery, u should pay the actual amount but not the price with offer! I have experienced this lot of times.... So be cautious!!!",delivery,pre_2024,negative,1,2019-09-10 00:09:26,neutral,negative,False,True,0.4881,0.4665
google_play,zomato,4ae6d6c4-3b5d-46ad-85a5-fc7d775a369c,"I never had a good delivery experience with Zomato. Always one or other issue popups. When food is good, delivery gets delayed, when delivery is good food taste pathetic. I now uninstalled Zomato and decided never order food online. Its always better have food in the restaurant itself as there is someone to listen our feedback where here there is no one to speak but only available in chat. Sometimes i wonder if i were chatting with Bot since their response is always a template with no sympathy.",delivery,pre_2024,negative,1,2019-09-30 21:02:10,positive,negative,False,True,0.5762,0.4656
google_play,zomato,b74f708f-869b-4b1e-999f-e0b461533764,"It's a kind of a Web app, it doesn't really integrate with anything. If someone send you a zomato link the app doesn't let you open the link with eh app. Even if you are in the browser ""open in app"" doesn't work and you need to open the app, but then search whatever you found again.",app_experience,pre_2024,positive,5,2019-06-08 20:23:03,negative,positive,False,True,0.5966,0.4654
google_play,zomato,7aa37513-fd7c-4ffe-9a27-c5c9bd1c70a7,Only issue is u keep on extending the clock ensuring its not crossing 30 mins in the app. Actual time took for delivery might be more than 45 mins plus but ur app will show 28 mins only!! That is the only amazing feature!!!,delivery,pre_2024,positive,5,2023-10-16 21:23:15,neutral,positive,False,True,0.6352,0.4646
google_play,zomato,97b190c9-1d6b-4858-9d2c-293d42ecd3e5,"Everything is excellent but there is some problem with the app, they aren't showing my correct location to the delivery professionals. I have set it as my default address multiple times but it's not showing so to the delivery professionals.",delivery,pre_2024,positive,4,2021-11-01 16:55:16,neutral,positive,False,True,0.6792,0.4636
google_play,zomato,b2131d9e-e652-4eec-8bd0-8a5b13ed98d2,"App needs to have a separate area for reviews regarding different food items. Zomato should strictly enforce that delivery people must wear their uniforms and Carry the food in their special bags which they almost never do this could potentially jeopridize the hygiene of the food item, also despite having a pretty straight forward address thry like to call 5-6 times before dilevery which sometimes gets irritating.",delivery,pre_2024,positive,5,2019-09-04 18:41:55,neutral,positive,False,True,0.4455,0.4631
google_play,zomato,828723cc-6a86-46e1-8b49-34e73e49e867,Easy to use app. However there should be a proper page that manages refunds for failed delivery. The rider can chose to claim that address is wrong or unable to deliver. Then our money is just gone. The other issue is restraunts suddenly going unavailable for ordering. Not sure why this happens.,delivery,pre_2024,positive,4,2020-02-26 01:17:33,negative,positive,False,True,0.4633,0.4613
google_play,zomato,3923ec0a-9889-4ed6-ba65-ca80b0b3b903,Jo kuch bhi main order Karu Mujhe discount chahie aur mere per driveri ka charge Bhi Na lagaen aap aur Muslim ladke ko bhejna Ok,pricing_fees,pre_2024,positive,5,2020-06-28 16:40:07,negative,positive,False,True,0.4829,0.4609
google_play,zomato,fcbc06bc-7ee5-4195-992f-b88514a6ec22,It's really worth the price. Delivery charges are very minimal.For the same services I was charged the double.,delivery,2024_plus,positive,5,2025-04-13 22:39:53,neutral,positive,False,True,0.7313,0.4593
google_play,zomato,522b8148-8fc8-480b-af39-ac10f613f643,"Good customer experience from Zomato's side! But just one thing, sometimes the food taste isn't as expected, this may be from the restaurant's side, but on the app sometimes ratings are misleading. Some item prices are higher on the app than the actual prices. Also a very few times, the order delivery has delays too. But overall it's good! 👍🏻",delivery,2024_plus,positive,4,2024-07-22 17:34:04,neutral,positive,False,True,0.6796,0.4592
google_play,zomato,e01258bf-1f1c-41ce-85b0-0630fcb1b547,"they are really good at cheating us by giving irrelevant offers in order to hide taxes they're putting, may God bless their business to reach great heights stacked by hidden taxes and one small request to Google play please update the rating scale from -5 to 5 so that it'll be easier for us to rate these apps. sometimes in life we dont have to be optimistic (only when it comes to rating) let us give some break for that as well. thank you, signing off!.",trust_reviews,2024_plus,negative,1,2025-12-07 20:43:12,positive,negative,False,True,0.8699,0.4578
google_play,zomato,6173b95a-aa9e-4709-bfbf-085fc1056866,Offers are less on the food items itself and with cash on delivery charges the price becomes high... because evrytime online payment is not there,delivery,pre_2024,positive,5,2018-12-06 01:18:22,neutral,positive,False,True,0.7958,0.4576
google_play,zomato,082f3e8a-cadc-43c8-921b-d1d8e1197b24,"There should be an option to place order from multiple restaurants in one go. App should provide option to change/edit the order after placing it as long as restaurant is okay with it. Cancellation charges within 5 minutes of placing order should be reduced. These should be a mechanism to track delivery boys flouting traffic rules like helmet, driving on right side etc.",refund_cancellation,2024_plus,negative,2,2024-07-12 23:48:46,neutral,negative,False,True,0.4745,0.4574
google_play,zomato,c6308030-0ee1-444e-853c-0baeed843939,Best but there has a problem that hotels are not available at some time they showing restaurant can't accept order But when i contacted the given restaurant they are saying they are available Please find the solution of this problem,other,pre_2024,positive,5,2019-12-25 21:31:14,negative,positive,False,True,0.3599,0.4572
google_play,zomato,b42f2b30-4d4f-43be-b617-f2aa02248e60,this app is showing a coupon for a payment order but after adding the same payment method ...still it is not applying...,pricing_fees,2024_plus,positive,5,2025-11-23 09:52:56,negative,positive,False,True,0.6136,0.4541
google_play,zomato,c0423821-3ee8-47c0-a6de-c384347b222c,"Search doesn't work properly. Shows no results for ""pork"" delivery, even I'm able to see and order pork dishes by looking up the restaurant and going to their delivery menu. Issue seems fixed now. App is good for ordering. They seem to make it harder to go from order page to restaurant info.",delivery,pre_2024,positive,4,2022-05-30 18:21:38,neutral,positive,False,True,0.4644,0.4538
google_play,zomato,2eefb809-b6d0-4e22-b6f8-965fbfa84a33,The commission charge is too high... as well as the hidden fees. It is difficult to apply coupons and many if you have an incorrect order then it is difficult to contact the restaurant to get it correct.,pricing_fees,2024_plus,negative,2,2025-07-12 20:41:20,neutral,negative,False,True,0.4716,0.4537
google_play,zomato,ace73379-edb6-42ec-be95-bfb1f3478a38,Came to a new place. Ordered food through this app and wait for two and a half hours..! Later came to know that this app is not yet operated here...! This is too much. You people are just playing with your customers 🙄,app_experience,2024_plus,positive,5,2024-09-25 20:00:57,negative,positive,False,True,0.837,0.4529
google_play,zomato,544b67ab-2d04-4aec-8d9d-fd54b0970491,"Pretty good but can be better. I am zomato gold user, it gives me extra benefits such as getting extra offers, free delivery and getting extra coupons in kate delivery. It has been very convenient to order frequently with gold membership. It would be better we can add on the coupons that we got for late delivery on top of any existent coupon. Or maybe let us use some portion of that money on existent coupon. May be I am expecting too much. Overall experience is great.",delivery,2024_plus,positive,4,2024-01-07 19:47:11,neutral,positive,False,True,0.7395,0.4523
google_play,zomato,15a8632f-4695-4278-bc19-b850a503591e,"they are giving us fake ratings of restaurants in the name of for your rating, that is an open scam happening, after some time now they are not showing your rating first, and it's a good step",trust_reviews,2024_plus,positive,4,2026-01-09 09:44:13,negative,positive,False,True,0.8807,0.4503
google_play,zomato,ba862f51-9856-41f6-b89a-38344f7ca418,"App is good but customer support only chatting. Last time I got wrong item delivered. Customer support chat conclusion is ""we deeply regret"" and adjust with what you got and its customer unluck sometimes it happens. I had my second chance. But service is highly unreliable compared to other similar app",delivery,pre_2024,negative,1,2022-07-01 22:47:24,positive,negative,False,True,0.6947,0.4496
google_play,zomato,39b79ca2-d54b-4751-89cb-594d6f3e1026,First order gets delayed and then restaurant calls and cancels the order,delivery,2024_plus,negative,1,2026-03-28 01:30:39,positive,negative,False,True,0.442,0.4448
google_play,zomato,9a990ca1-3272-48b0-96d3-2d46316cffa3,Everything is good and fine... but just avoid delivery charges.. instead of that you just increase the base price by 20-30rs and that it. Because 100 rs delivery is not worth it.. and all your prices of offered food are high than what resturant offers..,delivery,pre_2024,positive,5,2023-09-12 01:01:03,neutral,positive,False,True,0.7141,0.444
google_play,zomato,51d89dc1-047a-4cf0-8d4d-075ece4a49fe,"Very reliable. Even if the delivery becomes late then it compensate with few options. But there is a single reason I am upset with zomato. Like their services are so absolute that I usually used to order the foods and that became the reason of my weight gain. Now, even my mummy told me to do exercises for my tummy.😗",delivery,pre_2024,positive,5,2021-08-05 02:34:10,neutral,positive,False,True,0.361,0.4405
google_play,zomato,cdd1bfb2-b644-40b1-a268-787d68221d4d,"Previously there were many restaurants on zomato but now it is showing only 1 or 2 restaurants on the app, when I check other restaurant it is open but there is no delivery partner from so many days I am facing the problem kindly check the matter and do the needful.",delivery,pre_2024,negative,1,2021-11-17 15:40:52,neutral,negative,False,True,0.5394,0.4401
google_play,zomato,37254960-41cf-4f75-9c21-276d23b5a668,Ya i enjoyed it.. But taxes Are too much high or costly.. Overall delivery is fast on comparison of what I assume... But it's important to focus on high taxes and charges.. That's why it become worst,delivery,pre_2024,positive,5,2019-09-01 22:01:18,neutral,positive,False,True,0.6886,0.4369
google_play,zomato,ca9fe5d7-c39f-422c-9a1e-a9cbbbcbec9a,"this platform is a good, but something the system was too horrible about they extra charges, of they provide any discount on a item they covers with platform chargers or gst charges this should be change, Apart from every thing is good compared to Swiggy",pricing_fees,2024_plus,positive,5,2026-01-04 13:02:15,neutral,positive,False,True,0.8333,0.4343
google_play,zomato,6ea89240-3263-4cc8-8087-dc7aebb6c0aa,Good service. Excellent. Careful and good conduct of delivery persons. However Zomato menu prices are over & above restaurant menu prices. Besides they also charge exhorbitant delivery charges under the heading of taxes and charges. The delivery charge should be v. transparent & clear. With the covid situation its become a permanent feature - all delivery persons leave the parcel at the gate even if there are no restrictions from societies. Bottom line -cheaper to pick the parcel yourself.,delivery,pre_2024,positive,5,2020-07-16 10:08:14,neutral,positive,False,True,0.5582,0.4341
google_play,zomato,5fe3d220-f598-4fb6-977a-3051b34f1bbb,The app should only be used for the address and photos....you can no longer rely on the rating. Also the delivery option is not reliable.,delivery,pre_2024,positive,5,2020-02-08 20:42:01,neutral,positive,False,True,0.49,0.4341
google_play,zomato,c3ddb956-2a63-43e1-8dff-239c4598b459,"All the prices listed for most of the restaurants are 30-40% higher than the actual cost at the restaurants. Over that taxes and delivery charges are there. We end up paying lot higher than the actual cost. Most times, Zeta card translation fails. Have to try 3-5 times to order successfully.",delivery,pre_2024,negative,2,2022-03-27 21:15:48,neutral,negative,False,True,0.8304,0.4329
google_play,zomato,c415e409-67c0-455d-85ed-2a682c2cfef7,I had an issue with the cancelation And the restaurant was not accepting the cancelation but the Zamato client helped me for the cancelation.,order_issue,pre_2024,positive,5,2023-08-12 10:23:16,neutral,positive,False,True,0.5822,0.4291
google_play,zomato,f316a856-29c2-48cb-b1a9-9a9985db0c87,"Some restaurants are available for delivery in my location, but it is not showing in the dashboard unless I am searching for the restaurant separately. Don't know what is the issue.",delivery,pre_2024,positive,5,2021-04-07 18:41:49,negative,positive,False,True,0.6159,0.4276
google_play,zomato,a9435da4-6043-421b-8e00-c2e1967d8c6c,"I have just started using it recently, the gold memberahip is a deal which is worth it, u get free delivery all the time u order above 200, though sometime ls the handling charges are extra compared to others. And Zomato gold membership has unlimited free deliveries, while swiggy one only has 4 or 6 free delivery. Although the delivery time just adds , so that it shows that the Zomato delivery guy is late and the users getting a free meal",delivery,2024_plus,positive,5,2024-09-29 21:42:36,negative,positive,False,True,0.5616,0.4271
google_play,zomato,c4252b2e-e110-437c-b58c-db2f0b17ec9e,"The app is good but the problem is not being able to order because riders are not available near restaurants. if they can take 1 hour to deliver, why can't they take another 30 mins and move near the restaurant",app_experience,2024_plus,positive,4,2026-03-15 19:10:23,neutral,positive,False,True,0.6822,0.4268
google_play,zomato,59d95132-9672-40f7-a65d-4a075eae5ace,as per new update you are not providing offers/promo code on cash on delivery mode .This not okay. As a customer everyone trust on cash on delivery mode we shlould have the offers on this mode. You should improve it like previous.,delivery,pre_2024,positive,5,2019-11-02 13:47:24,neutral,positive,False,True,0.5066,0.4255
google_play,zomato,ea92e2eb-1422-4cc9-86f9-18e72a8e50b9,"Incresed their platform fee and takes very high charges for the same dish as compared to it's restaurant price but does the work of bringing it to your location, so works. 👍",pricing_fees,2024_plus,positive,5,2024-11-26 17:52:57,negative,positive,False,True,0.4688,0.424
google_play,zomato,2a352456-cb34-45de-bfd3-ee2bafefcdc1,Experience with Zomato is absolutely great But the thing is that it should reduce the charges they apply for delivery and taxes I mean if we are paying more on Zomato than actual price in restaurants still we are paying for taxes ? Why ?,delivery,pre_2024,positive,5,2022-02-12 09:45:37,neutral,positive,False,True,0.4072,0.4239
google_play,zomato,0ed1217e-0ce2-4881-80cb-d5e14c7a76e5,Promo codes help to minimize delivery charges and taxes. However some promo coses do not offer full amount as advertised. Maybe some improvement can be done there,delivery,pre_2024,positive,5,2021-07-11 19:18:12,negative,positive,False,True,0.4165,0.421
google_play,zomato,3abc9efb-0b28-4436-9dde-7ddbb74840f1,I can see cost differences between restaurant and this app.. In restaurant price is lesser than the online and also charging delivery fee.. We are spending nearly 40 rs/item extra and additional delivery charge..Sometimes you guys are giving offer price that will be same as restaurant price.. I'm really disappointed on the prices,delivery,pre_2024,negative,1,2021-03-11 13:55:14,neutral,negative,False,True,0.7091,0.4148
google_play,zomato,330daf2a-718b-4e7a-92ed-dbbef4a39137,"I have purchased the gold membership, but still I have to pay delivery fees on orders. Shouldn't I get free delivery if I am a gold member. Also there so many fees added in the final price. I feel like there's no benefit of being a gold member.",delivery,2024_plus,negative,2,2025-09-11 19:53:37,neutral,negative,False,True,0.4458,0.414
google_play,zomato,4eaf3219-1b03-4c28-a9e4-68c7ce0ca2e1,good but late delivery service time very bad 😞,delivery,2024_plus,positive,4,2026-03-09 11:54:52,neutral,positive,False,True,0.4974,0.4129
google_play,zomato,3b1b14ae-1f73-40ca-9ed2-2796bbd5f271,"Zomato's delivery charges are very high, even for the order consul, they are taking a lot of time to process, they are charging Rs 60 for delivery of 80 rice.",delivery,2024_plus,negative,1,2026-01-22 19:41:17,neutral,negative,False,True,0.4754,0.3998
google_play,zomato,8416ae50-42f0-4889-9f01-6dcb7481980f,maybe dilvery charges may reduces,pricing_fees,2024_plus,neutral,3,2026-03-13 07:36:55,positive,neutral,False,True,0.7679,0.398
google_play,zomato,9f5f0118-cb9d-4d65-a93f-43084c3c39a7,"i gave 5 stars because reviews with more stars are kept on top..they are giving offers to people but will charge a lot of money from others..u will be lucky if u got the offers, otherwise will be stuck with expensive charges.",pricing_fees,2024_plus,positive,5,2025-12-17 19:40:24,neutral,positive,False,True,0.638,0.3953
google_play,zomato,6f67929b-f14d-48e8-8759-cb9a9561b547,cash on delivery is not available on most of orders,delivery,2024_plus,negative,1,2026-02-20 16:59:06,neutral,negative,False,True,0.3944,0.3935
google_play,zomato,da464a14-4855-4e4e-9687-b1e424a0e0b8,Till now I have made approx 50 orders but not got any additional coupon or discounts. Also the price mentioned on menu is too high compared on restraunt plus I am suppose to pay the delivery charge also. If I am paying the delivery chage then the price mentioned on app need not be such big difference,delivery,pre_2024,negative,2,2022-08-07 15:51:05,neutral,negative,False,True,0.6075,0.3931
